Age,Attrition,BusinessTravel,DailyRate,Department,DistanceFromHome,Education,EducationField,EmployeeCount,EmployeeNumber,EnvironmentSatisfaction,Gender,HourlyRate,JobInvolvement,JobLevel,JobRole,JobSatisfaction,MaritalStatus,MonthlyIncome,MonthlyRate,NumCompaniesWorked,Over18,OverTime,PercentSalaryHike,PerformanceRating,RelationshipSatisfaction,StandardHours,StockOptionLevel,TotalWorkingYears,TrainingTimesLastYear,WorkLifeBalance,YearsAtCompany,YearsInCurrentRole,YearsSinceLastPromotion,YearsWithCurrManager
41,1,Travel_Rarely,1102,Sales,1,2,LifeSciences,1,1,2,Female,94,3,2,SalesExecutive,4,Single,5993,19479,8,Y,Yes,11,3,1,80,0,8,0,1,6,4,0,5
24,1,Travel_Rarely,813,ResearchDevelopment,1,3,Medical,1,45,2,Male,61,3,1,ResearchScientist,4,Married,2293,3020,2,Y,Yes,16,3,1,80,1,6,2,2,2,0,2,0
48,1,Travel_Rarely,626,ResearchDevelopment,1,2,LifeSciences,1,64,1,Male,98,2,3,LaboratoryTechnician,3,Single,5381,19294,9,Y,Yes,13,3,4,80,0,23,2,3,1,0,0,0
19,1,Travel_Frequently,602,Sales,1,1,TechnicalDegree,1,235,3,Female,100,1,1,SalesRepresentative,1,Single,2325,20989,0,Y,No,21,4,1,80,0,1,5,4,0,0,0,0
29,1,Travel_Rarely,992,ResearchDevelopment,1,3,TechnicalDegree,1,300,3,Male,85,3,1,ResearchScientist,3,Single,2058,19757,0,Y,No,14,3,4,80,0,7,1,2,6,2,1,5
32,1,Travel_Rarely,515,ResearchDevelopment,1,3,LifeSciences,1,331,4,Male,62,2,1,LaboratoryTechnician,3,Single,3730,9571,0,Y,Yes,14,3,4,80,0,4,2,1,3,2,1,2
21,1,Travel_Frequently,756,Sales,1,1,TechnicalDegree,1,478,1,Female,99,2,1,SalesRepresentative,2,Single,2174,9150,1,Y,Yes,11,3,3,80,0,3,3,3,3,2,1,2
24,1,Travel_Rarely,1448,Sales,1,1,TechnicalDegree,1,554,1,Female,62,3,1,SalesRepresentative,2,Single,3202,21972,1,Y,Yes,16,3,2,80,0,6,4,3,5,3,1,4
28,1,Travel_Rarely,654,ResearchDevelopment,1,2,LifeSciences,1,741,1,Female,67,1,1,ResearchScientist,2,Single,2216,3872,7,Y,Yes,13,3,4,80,0,10,4,3,7,7,3,7
33,1,Travel_Rarely,527,ResearchDevelopment,1,4,Other,1,780,4,Male,63,3,1,ResearchScientist,4,Single,2686,5207,1,Y,Yes,13,3,3,80,0,10,2,2,10,9,7,8
29,1,Travel_Rarely,805,ResearchDevelopment,1,2,LifeSciences,1,816,2,Female,36,2,1,LaboratoryTechnician,1,Married,2319,6689,1,Y,Yes,11,3,4,80,1,1,1,3,1,0,0,0
29,1,Travel_Rarely,341,Sales,1,3,Medical,1,896,2,Female,48,2,1,SalesRepresentative,3,Divorced,2800,23522,6,Y,Yes,19,3,3,80,3,5,3,3,3,2,0,2
37,1,Travel_Rarely,625,Sales,1,4,LifeSciences,1,970,1,Male,46,2,3,SalesExecutive,3,Married,10609,14922,5,Y,No,11,3,3,80,0,17,2,1,14,1,11,7
44,1,Travel_Rarely,1376,HumanResources,1,2,Medical,1,1098,2,Male,91,2,3,HumanResources,1,Married,10482,2326,9,Y,No,14,3,4,80,1,24,1,3,20,6,3,6
28,1,Travel_Frequently,1009,ResearchDevelopment,1,3,Medical,1,1111,1,Male,45,2,1,LaboratoryTechnician,2,Divorced,2596,7160,1,Y,No,15,3,1,80,2,1,2,3,1,0,0,0
50,1,Travel_Frequently,959,Sales,1,4,Other,1,1113,4,Male,81,3,2,SalesExecutive,3,Single,4728,17251,3,Y,Yes,14,3,4,80,0,5,4,3,0,0,0,0
31,1,Travel_Frequently,1060,Sales,1,3,LifeSciences,1,1331,4,Female,54,3,1,SalesRepresentative,2,Single,2302,8319,1,Y,Yes,11,3,1,80,0,3,2,4,3,2,2,2
31,1,Travel_Frequently,667,Sales,1,4,LifeSciences,1,1427,2,Female,50,1,1,SalesRepresentative,3,Single,1359,16154,1,Y,No,12,3,2,80,0,1,3,3,1,0,0,0
31,1,Travel_Frequently,1445,ResearchDevelopment,1,5,LifeSciences,1,1459,3,Female,100,4,3,ManufacturingDirector,2,Single,7446,8931,1,Y,No,11,3,1,80,0,10,2,3,10,8,4,7
28,1,Travel_Frequently,1496,Sales,1,3,TechnicalDegree,1,1486,1,Male,92,3,1,SalesRepresentative,3,Married,2909,15747,3,Y,No,15,3,4,80,1,5,3,4,3,2,1,2
29,1,Travel_Rarely,224,ResearchDevelopment,1,4,TechnicalDegree,1,1522,1,Male,100,2,1,ResearchScientist,1,Single,2362,7568,6,Y,No,13,3,3,80,0,11,2,1,9,7,0,7
30,1,Travel_Rarely,740,Sales,1,3,LifeSciences,1,1562,2,Male,64,2,2,SalesExecutive,1,Married,9714,5323,1,Y,No,11,3,4,80,1,10,4,3,10,8,6,7
32,1,Travel_Rarely,964,Sales,1,2,LifeSciences,1,1734,1,Male,34,1,2,SalesExecutive,2,Single,6735,12147,6,Y,No,15,3,2,80,0,10,2,3,0,0,0,0
44,1,Travel_Frequently,429,ResearchDevelopment,1,2,Medical,1,1792,3,Male,99,3,1,ResearchScientist,2,Divorced,2342,11092,1,Y,Yes,12,3,3,80,3,6,2,2,5,3,2,3
29,1,Travel_Rarely,1092,ResearchDevelopment,1,4,Medical,1,2027,1,Male,36,3,1,ResearchScientist,4,Married,4787,26124,9,Y,Yes,14,3,2,80,3,4,3,4,2,2,2,2
50,1,Travel_Frequently,878,Sales,1,4,LifeSciences,1,2044,2,Male,94,3,2,SalesExecutive,3,Divorced,6728,14255,7,Y,No,12,3,4,80,2,12,3,3,6,3,0,1
38,0,Travel_Rarely,827,ResearchDevelopment,1,4,LifeSciences,1,724,2,Female,33,4,2,HealthcareRepresentative,4,Single,7625,19383,0,Y,No,13,3,3,80,0,10,4,2,9,7,1,8
26,0,Travel_Frequently,575,ResearchDevelopment,1,2,LifeSciences,1,792,1,Female,71,1,1,LaboratoryTechnician,4,Divorced,4364,5288,3,Y,No,14,3,1,80,1,5,2,3,2,2,2,0
31,0,NonTravel,979,ResearchDevelopment,1,4,Medical,1,308,3,Male,90,1,2,ManufacturingDirector,3,Married,4345,4381,0,Y,No,12,3,4,80,1,6,2,3,5,4,1,4
47,0,NonTravel,1162,ResearchDevelopment,1,1,Medical,1,2000,3,Female,98,3,3,ResearchDirector,2,Married,11957,17231,0,Y,No,18,3,1,80,2,14,3,1,13,8,5,12
28,0,NonTravel,1476,ResearchDevelopment,1,3,LifeSciences,1,1315,3,Female,55,1,2,LaboratoryTechnician,4,Married,6674,16392,0,Y,No,11,3,1,80,3,10,6,3,9,8,7,5
34,0,Travel_Rarely,1153,ResearchDevelopment,1,2,Medical,1,110,1,Male,94,3,2,ManufacturingDirector,2,Married,4325,17736,1,Y,No,15,3,3,80,0,5,2,3,5,2,1,3
42,0,Travel_Rarely,932,ResearchDevelopment,1,2,LifeSciences,1,827,4,Female,43,2,2,ManufacturingDirector,4,Married,6062,4051,9,Y,Yes,13,3,4,80,1,8,4,3,4,3,0,2
38,0,Travel_Rarely,168,ResearchDevelopment,1,3,LifeSciences,1,743,3,Female,81,3,3,ManufacturingDirector,3,Single,7861,15397,4,Y,Yes,14,3,4,80,0,10,4,4,1,0,0,0
34,0,Travel_Rarely,182,ResearchDevelopment,1,4,LifeSciences,1,797,2,Female,72,4,1,ResearchScientist,4,Single,3280,13551,2,Y,No,16,3,3,80,0,10,2,3,4,2,1,3
52,0,Travel_Rarely,1053,ResearchDevelopment,1,2,LifeSciences,1,976,4,Male,70,3,4,Manager,4,Married,17099,13829,2,Y,No,15,3,2,80,1,26,2,2,9,8,7,8
32,0,Travel_Rarely,234,Sales,1,4,Medical,1,2013,2,Male,68,2,1,SalesRepresentative,2,Married,2269,18024,0,Y,No,14,3,2,80,1,3,2,3,2,2,2,2
24,0,Travel_Rarely,771,ResearchDevelopment,1,2,LifeSciences,1,1981,2,Male,45,2,2,HealthcareRepresentative,3,Single,4617,14120,1,Y,No,12,3,2,80,0,4,2,2,4,3,1,2
28,0,Travel_Rarely,640,ResearchDevelopment,1,3,TechnicalDegree,1,1301,4,Male,84,3,1,ResearchScientist,1,Single,2080,4732,2,Y,No,11,3,2,80,0,5,2,2,3,2,1,2
35,0,Travel_Rarely,287,ResearchDevelopment,1,4,LifeSciences,1,2052,3,Female,62,1,1,ResearchScientist,4,Married,2977,8952,1,Y,No,12,3,4,80,1,4,5,3,4,3,1,1
40,0,Travel_Frequently,530,ResearchDevelopment,1,4,LifeSciences,1,119,3,Male,78,2,4,HealthcareRepresentative,2,Married,13503,14115,1,Y,No,22,4,4,80,1,22,3,2,22,3,11,11
55,0,Travel_Rarely,111,Sales,1,2,LifeSciences,1,106,1,Male,70,3,3,SalesExecutive,4,Married,10239,18092,3,Y,No,14,3,4,80,1,24,4,3,1,0,1,0
30,0,Travel_Rarely,1465,ResearchDevelopment,1,3,Medical,1,1241,4,Male,63,3,1,ResearchScientist,2,Married,3579,9369,0,Y,Yes,21,4,1,80,1,12,2,3,11,9,5,7
33,0,Travel_Frequently,827,ResearchDevelopment,1,4,Other,1,998,3,Female,84,4,2,HealthcareRepresentative,2,Married,5488,20161,1,Y,Yes,13,3,1,80,1,6,2,3,6,5,1,2
32,0,Travel_Rarely,827,ResearchDevelopment,1,1,LifeSciences,1,134,4,Male,71,3,1,ResearchScientist,1,Single,2956,15178,1,Y,No,13,3,4,80,0,1,2,3,1,0,0,0
41,0,Travel_Frequently,1018,Sales,1,3,Marketing,1,1349,3,Female,66,3,2,SalesExecutive,1,Divorced,4103,4297,0,Y,No,17,3,4,80,1,10,2,3,9,3,1,7
45,0,Travel_Rarely,538,ResearchDevelopment,1,4,TechnicalDegree,1,1553,1,Male,66,3,3,HealthcareRepresentative,2,Divorced,7441,20933,1,Y,No,12,3,1,80,3,10,4,3,10,8,7,7
26,0,Travel_Frequently,1283,Sales,1,3,Medical,1,956,3,Male,52,2,2,SalesExecutive,1,Single,4294,11148,1,Y,No,12,3,2,80,0,7,2,3,7,7,0,7
44,0,Travel_Rarely,1488,Sales,1,5,Marketing,1,68,2,Female,75,3,2,SalesExecutive,1,Divorced,5454,4009,5,Y,Yes,21,4,3,80,1,9,2,2,4,3,1,3
49,0,Travel_Rarely,1091,ResearchDevelopment,1,2,TechnicalDegree,1,431,3,Female,90,2,4,HealthcareRepresentative,3,Single,13964,17810,7,Y,Yes,12,3,4,80,0,25,2,3,7,1,0,7
33,0,Travel_Rarely,586,Sales,1,3,Medical,1,855,1,Male,48,4,2,SalesExecutive,1,Divorced,4037,21816,1,Y,No,22,4,1,80,1,9,5,3,9,8,0,8
30,0,Travel_Rarely,921,ResearchDevelopment,1,3,LifeSciences,1,806,4,Male,38,1,1,LaboratoryTechnician,3,Married,3833,24375,3,Y,No,21,4,3,80,2,7,2,3,2,2,0,2
52,0,Travel_Rarely,699,ResearchDevelopment,1,4,LifeSciences,1,259,3,Male,65,2,5,Manager,3,Married,19999,5678,0,Y,No,14,3,1,80,1,34,5,3,33,18,11,9
35,0,Travel_Rarely,1214,ResearchDevelopment,1,3,Medical,1,105,2,Male,30,2,1,ResearchScientist,3,Single,2859,26278,1,Y,No,18,3,1,80,0,6,3,3,6,4,0,4
36,0,NonTravel,894,ResearchDevelopment,1,4,Medical,1,1662,4,Female,33,2,2,ManufacturingDirector,3,Married,4374,15411,0,Y,No,15,3,3,80,0,4,6,3,3,2,1,2
29,0,Travel_Frequently,461,ResearchDevelopment,1,3,LifeSciences,1,1753,4,Male,70,4,2,HealthcareRepresentative,3,Single,6294,23060,8,Y,Yes,12,3,4,80,0,10,5,4,3,2,0,2
31,0,Travel_Rarely,329,ResearchDevelopment,1,2,LifeSciences,1,530,4,Male,98,2,1,LaboratoryTechnician,1,Married,2218,16193,1,Y,No,12,3,3,80,1,4,3,3,4,2,3,2
26,0,Travel_Rarely,192,ResearchDevelopment,1,2,Medical,1,1083,1,Male,59,2,1,LaboratoryTechnician,1,Married,3955,11141,1,Y,No,16,3,1,80,2,6,2,3,5,3,1,3
33,0,Travel_Frequently,515,ResearchDevelopment,1,2,LifeSciences,1,73,1,Female,98,3,3,ResearchDirector,4,Single,13458,15146,1,Y,Yes,12,3,3,80,0,15,1,3,15,14,8,12
41,0,Travel_Rarely,314,HumanResources,1,3,HumanResources,1,734,4,Male,59,2,5,Manager,3,Married,19189,19562,1,Y,No,12,3,2,80,1,22,3,3,22,7,2,10
50,0,Travel_Rarely,1126,ResearchDevelopment,1,2,Medical,1,997,4,Male,66,3,4,ResearchDirector,4,Divorced,17399,6615,9,Y,No,22,4,3,80,1,32,1,2,5,4,1,3
34,0,Travel_Rarely,1397,ResearchDevelopment,1,5,LifeSciences,1,683,2,Male,42,3,1,ResearchScientist,4,Married,2691,7660,1,Y,No,12,3,4,80,1,10,4,2,10,9,8,8
57,0,Travel_Rarely,405,ResearchDevelopment,1,2,LifeSciences,1,1483,2,Male,93,4,2,ResearchScientist,3,Married,4900,2721,0,Y,No,24,4,1,80,1,13,2,2,12,9,2,8
44,0,Travel_Rarely,1037,ResearchDevelopment,1,3,Medical,1,2020,2,Male,42,3,1,ResearchScientist,4,Single,2436,13422,6,Y,Yes,12,3,3,80,0,6,2,3,4,3,1,2
33,0,Travel_Rarely,1198,ResearchDevelopment,1,4,Other,1,939,3,Male,100,2,1,ResearchScientist,1,Single,2799,3339,3,Y,Yes,11,3,2,80,0,6,1,3,3,2,0,2
33,0,Travel_Rarely,922,ResearchDevelopment,1,5,Medical,1,612,1,Female,95,4,4,ResearchDirector,3,Divorced,16184,22578,4,Y,No,19,3,3,80,1,10,2,3,6,1,0,5
37,1,Travel_Rarely,1373,ResearchDevelopment,2,2,Other,1,4,4,Male,92,2,1,LaboratoryTechnician,3,Single,2090,2396,6,Y,Yes,15,3,2,80,0,7,3,3,0,0,0,0
19,1,Travel_Rarely,303,ResearchDevelopment,2,3,LifeSciences,1,243,2,Male,47,2,1,LaboratoryTechnician,4,Single,1102,9241,1,Y,No,22,4,3,80,0,1,3,2,1,0,1,0
33,1,Travel_Rarely,465,ResearchDevelopment,2,2,LifeSciences,1,328,1,Female,39,3,1,LaboratoryTechnician,1,Married,2707,21509,7,Y,No,20,4,1,80,0,13,3,4,9,7,1,7
28,1,Travel_Rarely,529,ResearchDevelopment,2,4,LifeSciences,1,364,1,Male,79,3,1,LaboratoryTechnician,3,Single,3485,14935,2,Y,No,11,3,3,80,0,5,5,1,0,0,0,0
28,1,Travel_Rarely,1157,ResearchDevelopment,2,4,Medical,1,440,1,Male,84,1,1,ResearchScientist,4,Married,3464,24737,5,Y,Yes,13,3,4,80,0,5,4,2,3,2,2,2
19,1,Travel_Rarely,489,HumanResources,2,2,TechnicalDegree,1,566,1,Male,52,2,1,HumanResources,4,Single,2564,18437,1,Y,No,12,3,3,80,0,1,3,4,1,0,0,0
27,1,Travel_Rarely,1420,Sales,2,1,Marketing,1,667,3,Male,85,3,1,SalesRepresentative,1,Divorced,3041,16346,0,Y,No,11,3,2,80,1,5,3,3,4,3,0,2
55,1,Travel_Rarely,725,ResearchDevelopment,2,3,Medical,1,787,4,Male,78,3,5,Manager,1,Married,19859,21199,5,Y,Yes,13,3,4,80,1,24,2,3,5,2,1,4
58,1,Travel_Rarely,286,ResearchDevelopment,2,4,LifeSciences,1,825,4,Male,31,3,5,ResearchDirector,2,Single,19246,25761,7,Y,Yes,12,3,4,80,0,40,2,3,31,15,13,8
28,1,Travel_Rarely,890,ResearchDevelopment,2,4,Medical,1,828,3,Male,46,3,1,ResearchScientist,3,Single,4382,16374,6,Y,No,17,3,4,80,0,5,3,2,2,2,2,1
55,1,Travel_Rarely,436,Sales,2,1,Medical,1,842,3,Male,37,3,2,SalesExecutive,4,Single,5160,21519,4,Y,No,16,3,3,80,0,12,3,2,9,7,7,3
58,1,Travel_Frequently,781,ResearchDevelopment,2,1,LifeSciences,1,918,4,Male,57,2,1,LaboratoryTechnician,4,Divorced,2380,13384,9,Y,Yes,14,3,4,80,1,3,3,2,1,0,0,0
20,1,Travel_Rarely,500,Sales,2,3,Medical,1,922,3,Female,49,2,1,SalesRepresentative,3,Single,2044,22052,1,Y,No,13,3,4,80,0,2,3,2,2,2,0,2
41,1,Travel_Rarely,1085,ResearchDevelopment,2,4,LifeSciences,1,927,2,Female,57,1,1,LaboratoryTechnician,4,Divorced,2778,17725,4,Y,Yes,13,3,3,80,1,10,1,2,7,7,1,0
58,1,Travel_Rarely,289,ResearchDevelopment,2,3,TechnicalDegree,1,977,4,Male,51,3,1,ResearchScientist,3,Single,2479,26227,4,Y,No,24,4,1,80,0,7,4,3,1,0,0,0
52,1,Travel_Rarely,266,Sales,2,1,Marketing,1,1038,1,Female,57,1,5,Manager,4,Married,19845,25846,1,Y,No,15,3,4,80,1,33,3,3,32,14,6,9
26,1,Travel_Frequently,342,ResearchDevelopment,2,3,LifeSciences,1,1053,1,Male,57,3,1,ResearchScientist,1,Married,2042,15346,6,Y,Yes,14,3,2,80,1,6,2,3,3,2,1,2
39,1,Travel_Frequently,203,ResearchDevelopment,2,3,LifeSciences,1,1127,1,Male,84,3,4,HealthcareRepresentative,4,Divorced,12169,13547,7,Y,No,11,3,4,80,3,21,4,3,18,7,11,5
45,1,Travel_Rarely,1449,Sales,2,3,Marketing,1,1277,1,Female,94,1,5,Manager,2,Single,18824,2493,2,Y,Yes,16,3,1,80,0,26,2,3,24,10,1,11
31,1,Travel_Frequently,703,Sales,2,3,LifeSciences,1,1379,3,Female,90,2,1,SalesRepresentative,4,Single,2785,11882,7,Y,No,14,3,3,80,0,3,3,4,1,0,0,0
39,1,NonTravel,592,ResearchDevelopment,2,3,LifeSciences,1,1458,1,Female,54,2,1,LaboratoryTechnician,1,Single,3646,17181,2,Y,Yes,23,4,2,80,0,11,2,4,1,0,0,0
31,1,Travel_Frequently,523,ResearchDevelopment,2,3,LifeSciences,1,1464,2,Male,94,3,1,LaboratoryTechnician,4,Married,3722,21081,6,Y,Yes,13,3,3,80,1,7,2,1,2,2,2,2
28,1,Travel_Frequently,289,ResearchDevelopment,2,2,Medical,1,1504,3,Male,38,2,1,LaboratoryTechnician,1,Single,2561,5355,7,Y,No,11,3,3,80,0,8,2,2,0,0,0,0
35,1,Travel_Rarely,104,ResearchDevelopment,2,3,LifeSciences,1,1569,1,Female,69,3,1,LaboratoryTechnician,1,Divorced,2074,26619,1,Y,Yes,12,3,4,80,1,1,2,3,1,0,0,0
53,1,Travel_Rarely,607,ResearchDevelopment,2,5,TechnicalDegree,1,1572,3,Female,78,2,3,ManufacturingDirector,4,Married,10169,14618,0,Y,No,16,3,2,80,1,34,4,3,33,7,1,9
38,1,Travel_Rarely,903,ResearchDevelopment,2,3,Medical,1,1573,3,Male,81,3,2,ManufacturingDirector,2,Married,4855,7653,4,Y,No,11,3,1,80,2,7,2,3,5,2,1,4
32,1,Travel_Rarely,1259,ResearchDevelopment,2,4,LifeSciences,1,1692,4,Male,95,3,1,LaboratoryTechnician,2,Single,1393,24852,1,Y,No,12,3,1,80,0,1,2,3,1,0,0,0
32,1,Travel_Rarely,414,Sales,2,4,Marketing,1,1862,3,Male,82,2,2,SalesExecutive,2,Single,9907,26186,7,Y,Yes,12,3,3,80,0,7,3,2,2,2,2,2
47,0,Travel_Rarely,983,ResearchDevelopment,2,2,Medical,1,574,1,Female,65,3,2,ManufacturingDirector,4,Divorced,5070,7389,5,Y,No,13,3,3,80,3,20,2,3,5,0,0,4
27,0,Travel_Frequently,591,ResearchDevelopment,2,3,Medical,1,1648,4,Male,87,3,1,ResearchScientist,4,Single,2580,6297,2,Y,No,13,3,3,80,0,6,0,2,4,2,1,2
38,0,Travel_Rarely,268,ResearchDevelopment,2,5,Medical,1,773,4,Male,92,3,1,ResearchScientist,3,Married,3057,20471,6,Y,Yes,13,3,2,80,1,6,0,1,1,0,0,1
36,0,Travel_Frequently,1213,HumanResources,2,1,HumanResources,1,1890,2,Male,94,2,2,HumanResources,4,Single,3886,4223,1,Y,No,21,4,4,80,0,10,2,2,10,1,0,8
45,0,Travel_Rarely,954,Sales,2,2,TechnicalDegree,1,783,2,Male,46,1,2,SalesRepresentative,3,Single,6632,12388,0,Y,No,13,3,1,80,0,9,3,3,8,7,3,1
34,0,Travel_Rarely,1303,ResearchDevelopment,2,4,LifeSciences,1,579,4,Male,62,2,1,ResearchScientist,3,Divorced,2768,8416,3,Y,No,12,3,3,80,1,14,3,3,7,3,5,7
39,0,Travel_Rarely,1383,HumanResources,2,3,LifeSciences,1,909,4,Female,42,2,2,HumanResources,4,Married,5204,7790,8,Y,No,11,3,3,80,2,13,2,3,5,4,0,4
30,0,Travel_Rarely,317,ResearchDevelopment,2,3,LifeSciences,1,548,3,Female,43,1,2,ManufacturingDirector,4,Single,6091,24793,2,Y,No,20,4,3,80,0,11,2,3,5,4,0,2
33,0,Travel_Rarely,392,Sales,2,4,Medical,1,1670,4,Male,93,3,2,SalesExecutive,4,Divorced,5505,3921,1,Y,No,14,3,3,80,2,6,5,3,6,2,0,4
37,0,NonTravel,1040,ResearchDevelopment,2,2,LifeSciences,1,139,3,Male,100,2,2,HealthcareRepresentative,4,Divorced,5163,15850,5,Y,No,14,3,4,80,1,17,2,4,1,0,0,0
30,0,Travel_Frequently,1312,ResearchDevelopment,2,4,TechnicalDegree,1,1745,4,Female,78,2,1,ResearchScientist,1,Single,4968,26427,0,Y,No,16,3,4,80,0,10,2,3,9,7,0,7
50,0,NonTravel,881,ResearchDevelopment,2,4,LifeSciences,1,905,1,Male,98,3,4,Manager,1,Divorced,17924,4544,1,Y,No,11,3,4,80,1,31,3,3,31,6,14,7
35,0,Travel_Rarely,819,ResearchDevelopment,2,3,LifeSciences,1,1182,3,Male,44,2,3,ManufacturingDirector,2,Divorced,10274,19588,2,Y,No,18,3,2,80,1,15,2,4,7,7,6,4
40,0,Travel_Rarely,523,ResearchDevelopment,2,3,LifeSciences,1,1346,3,Male,98,3,2,ResearchScientist,4,Single,4661,22455,1,Y,No,13,3,3,80,0,9,4,3,9,8,8,8
48,0,Travel_Rarely,817,Sales,2,1,Marketing,1,712,2,Male,56,4,2,SalesExecutive,2,Married,8120,18597,3,Y,No,12,3,4,80,0,12,3,3,2,2,2,2
36,0,Travel_Rarely,164,Sales,2,2,Medical,1,513,2,Male,61,2,3,SalesExecutive,3,Married,7596,3809,1,Y,No,13,3,2,80,2,10,2,3,10,9,9,0
38,0,NonTravel,1336,HumanResources,2,3,HumanResources,1,1805,1,Male,100,3,1,HumanResources,2,Divorced,2592,7129,5,Y,No,13,3,4,80,3,13,3,3,11,10,3,8
53,0,Travel_Rarely,447,ResearchDevelopment,2,3,Medical,1,1472,4,Male,39,4,4,ResearchDirector,2,Single,16598,19764,4,Y,No,12,3,2,80,0,35,2,2,9,8,8,8
51,0,Travel_Frequently,541,Sales,2,3,Marketing,1,1391,2,Male,52,3,3,SalesExecutive,2,Married,10596,15395,2,Y,No,11,3,2,80,0,14,5,3,4,2,3,2
38,0,Travel_Frequently,240,ResearchDevelopment,2,4,LifeSciences,1,803,1,Female,75,4,2,ManufacturingDirector,1,Single,5980,26085,6,Y,Yes,12,3,4,80,0,17,2,3,15,7,4,12
49,0,Travel_Frequently,1064,ResearchDevelopment,2,1,LifeSciences,1,1941,2,Male,42,3,5,ResearchDirector,4,Married,19161,13738,3,Y,No,15,3,4,80,0,28,3,3,5,4,4,3
29,0,Travel_Frequently,442,Sales,2,2,LifeSciences,1,388,2,Male,44,3,2,SalesExecutive,4,Single,4554,20260,1,Y,No,18,3,1,80,0,10,3,2,10,7,0,9
40,0,Travel_Rarely,555,ResearchDevelopment,2,3,Medical,1,521,2,Female,78,2,2,LaboratoryTechnician,3,Married,3448,13436,6,Y,No,22,4,2,80,1,20,3,3,1,0,0,0
42,0,NonTravel,179,HumanResources,2,5,Medical,1,1231,4,Male,79,4,2,HumanResources,1,Married,6272,12858,7,Y,No,16,3,1,80,1,10,3,4,4,3,0,3
51,0,Travel_Rarely,1302,ResearchDevelopment,2,3,Medical,1,408,4,Male,84,1,2,ManufacturingDirector,2,Divorced,5482,16321,5,Y,No,18,3,4,80,1,13,3,3,4,1,1,2
47,0,Travel_Rarely,1225,Sales,2,4,LifeSciences,1,1676,2,Female,47,4,4,Manager,2,Divorced,15972,21086,6,Y,No,14,3,3,80,3,29,2,3,3,2,1,2
55,0,Travel_Rarely,1311,ResearchDevelopment,2,3,LifeSciences,1,505,3,Female,97,3,4,Manager,4,Single,16659,23258,2,Y,Yes,13,3,3,80,0,30,2,3,5,4,1,2
53,0,Travel_Rarely,1376,Sales,2,2,Medical,1,981,3,Male,45,3,4,Manager,3,Divorced,14852,13938,6,Y,No,13,3,3,80,1,22,3,4,17,13,15,2
42,0,NonTravel,495,ResearchDevelopment,2,1,LifeSciences,1,1334,3,Male,37,3,4,Manager,3,Married,17861,26582,0,Y,Yes,13,3,4,80,0,21,3,2,20,8,2,10
43,0,Travel_Rarely,1273,ResearchDevelopment,2,2,Medical,1,46,4,Female,72,4,1,ResearchScientist,3,Divorced,2645,21923,1,Y,No,12,3,4,80,2,6,3,2,5,3,1,4
38,0,Travel_Rarely,397,ResearchDevelopment,2,2,Medical,1,1638,4,Female,54,2,3,ManufacturingDirector,3,Married,7756,14199,3,Y,Yes,19,3,4,80,1,10,6,4,5,4,0,2
34,0,Travel_Rarely,181,ResearchDevelopment,2,4,Medical,1,1755,4,Male,97,4,1,ResearchScientist,4,Married,2932,5586,0,Y,Yes,14,3,1,80,3,6,3,3,5,0,1,2
52,0,NonTravel,771,Sales,2,4,LifeSciences,1,329,1,Male,79,2,5,Manager,3,Single,19068,21030,1,Y,Yes,18,3,4,80,0,33,2,4,33,7,15,12
36,0,Travel_Rarely,429,ResearchDevelopment,2,4,LifeSciences,1,1294,3,Female,53,3,2,ManufacturingDirector,2,Single,5410,2323,9,Y,Yes,11,3,4,80,0,18,2,3,16,14,5,12
40,0,Travel_Rarely,1202,ResearchDevelopment,2,1,Medical,1,1375,2,Female,89,4,2,HealthcareRepresentative,3,Divorced,6377,13888,5,Y,No,20,4,2,80,3,15,0,3,12,11,11,8
40,0,Travel_Rarely,444,Sales,2,2,Marketing,1,1986,2,Female,92,3,2,SalesExecutive,2,Married,5677,4258,3,Y,No,14,3,3,80,1,15,4,3,11,8,5,10
37,0,Travel_Rarely,558,Sales,2,3,Marketing,1,656,4,Male,75,3,2,SalesExecutive,3,Married,9602,3010,4,Y,Yes,11,3,3,80,1,17,3,2,3,0,1,0
50,1,Travel_Rarely,869,Sales,3,2,Marketing,1,47,1,Male,86,2,1,SalesRepresentative,3,Married,2683,3810,1,Y,Yes,14,3,3,80,0,3,2,3,3,2,0,2
30,1,Travel_Rarely,1005,ResearchDevelopment,3,3,TechnicalDegree,1,297,4,Female,88,3,1,ResearchScientist,1,Single,2657,8556,5,Y,Yes,11,3,3,80,0,8,5,3,5,2,0,4
18,1,Travel_Rarely,230,ResearchDevelopment,3,3,LifeSciences,1,405,3,Male,54,3,1,LaboratoryTechnician,3,Single,1420,25233,1,Y,No,13,3,3,80,0,0,2,3,0,0,0,0
39,1,Travel_Rarely,1162,Sales,3,2,Medical,1,445,4,Female,41,3,2,SalesExecutive,3,Married,5238,17778,4,Y,Yes,18,3,1,80,0,12,3,2,1,0,0,0
26,1,Travel_Frequently,575,ResearchDevelopment,3,1,TechnicalDegree,1,510,3,Male,73,3,1,ResearchScientist,1,Single,3102,6582,0,Y,No,22,4,3,80,0,7,2,3,6,4,0,4
25,1,Travel_Rarely,688,ResearchDevelopment,3,3,Medical,1,538,1,Male,91,3,1,LaboratoryTechnician,1,Married,4031,9396,5,Y,No,13,3,3,80,1,6,5,3,2,2,0,2
33,1,Travel_Frequently,1076,ResearchDevelopment,3,3,LifeSciences,1,702,1,Male,70,3,1,ResearchScientist,1,Single,3348,3164,1,Y,Yes,11,3,1,80,0,10,3,3,10,8,9,7
24,1,Travel_Rarely,693,Sales,3,2,LifeSciences,1,720,1,Female,65,3,2,SalesExecutive,3,Single,4577,24785,9,Y,No,14,3,1,80,0,4,3,3,2,2,2,0
22,1,Travel_Rarely,617,ResearchDevelopment,3,1,LifeSciences,1,926,2,Female,34,3,2,ManufacturingDirector,3,Married,4171,10022,0,Y,Yes,19,3,1,80,1,4,3,4,3,2,0,2
36,1,Travel_Rarely,530,Sales,3,1,LifeSciences,1,967,3,Male,51,2,3,SalesExecutive,4,Married,10325,5518,1,Y,Yes,11,3,1,80,1,16,6,3,16,7,3,7
22,1,Travel_Frequently,1256,ResearchDevelopment,3,4,LifeSciences,1,1203,3,Male,48,2,1,ResearchScientist,4,Married,2853,4223,0,Y,Yes,11,3,2,80,1,1,5,3,0,0,0,0
44,1,Travel_Rarely,935,ResearchDevelopment,3,3,LifeSciences,1,1333,1,Male,89,3,1,LaboratoryTechnician,1,Married,2362,14669,4,Y,No,12,3,3,80,0,10,4,4,3,2,1,2
31,1,Travel_Frequently,561,ResearchDevelopment,3,3,LifeSciences,1,1537,4,Female,33,3,1,ResearchScientist,3,Single,4084,4156,1,Y,No,12,3,1,80,0,7,2,1,7,2,7,7
18,1,Travel_Frequently,544,Sales,3,2,Medical,1,1624,2,Female,70,3,1,SalesRepresentative,4,Single,1569,18420,1,Y,Yes,12,3,3,80,0,0,2,4,0,0,0,0
38,0,Travel_Rarely,1035,Sales,3,4,LifeSciences,1,1036,2,Male,42,3,2,SalesExecutive,4,Single,6861,4981,8,Y,Yes,12,3,3,80,0,19,1,3,1,0,0,0
47,0,Travel_Frequently,217,Sales,3,3,Medical,1,746,4,Female,49,3,4,SalesExecutive,3,Divorced,13770,10225,9,Y,Yes,12,3,4,80,2,28,2,2,22,2,11,13
36,0,Travel_Rarely,557,Sales,3,3,Medical,1,2024,1,Female,94,2,3,SalesExecutive,4,Married,7644,12695,0,Y,No,19,3,3,80,2,10,2,3,9,7,3,4
34,0,Travel_Rarely,735,Sales,3,1,Medical,1,1915,4,Female,75,2,2,SalesExecutive,4,Married,8103,16495,3,Y,Yes,12,3,3,80,0,9,3,2,4,2,0,1
21,0,Travel_Rarely,996,ResearchDevelopment,3,2,Medical,1,379,4,Male,100,2,1,ResearchScientist,3,Single,3230,10531,1,Y,No,17,3,1,80,0,3,4,4,3,2,1,0
36,0,Travel_Frequently,1480,ResearchDevelopment,3,2,Medical,1,238,4,Male,30,3,1,LaboratoryTechnician,2,Single,2088,15062,4,Y,No,12,3,3,80,0,13,3,2,8,7,7,2
39,0,Travel_Rarely,141,HumanResources,3,3,HumanResources,1,760,3,Female,44,4,2,HumanResources,2,Married,6389,18767,9,Y,No,15,3,3,80,1,12,3,1,8,3,3,6
38,0,Travel_Rarely,119,Sales,3,3,LifeSciences,1,307,1,Male,76,3,3,SalesExecutive,3,Divorced,10609,9647,0,Y,No,12,3,3,80,2,17,6,2,16,10,5,13
38,0,Travel_Rarely,364,ResearchDevelopment,3,5,TechnicalDegree,1,193,4,Female,32,3,2,ResearchScientist,3,Single,4317,2302,3,Y,Yes,20,4,2,80,0,19,2,3,3,2,2,2
26,0,Travel_Rarely,1384,ResearchDevelopment,3,4,Medical,1,1177,1,Male,82,4,1,LaboratoryTechnician,4,Married,4420,13421,1,Y,No,22,4,2,80,1,8,2,3,8,7,0,7
50,0,Travel_Frequently,1246,HumanResources,3,3,Medical,1,644,1,Male,99,3,5,Manager,2,Married,18200,7999,1,Y,No,11,3,3,80,1,32,2,3,32,5,10,7
37,0,Travel_Rarely,482,ResearchDevelopment,3,3,Other,1,689,3,Male,36,3,3,ManufacturingDirector,3,Married,9434,9606,1,Y,No,15,3,3,80,1,10,2,3,10,7,7,8
34,0,NonTravel,697,ResearchDevelopment,3,4,LifeSciences,1,1115,3,Male,40,2,1,ResearchScientist,4,Married,2979,22478,3,Y,No,17,3,4,80,3,6,2,3,0,0,0,0
20,0,Travel_Rarely,805,ResearchDevelopment,3,3,LifeSciences,1,1198,1,Male,87,2,1,LaboratoryTechnician,3,Single,3033,12828,1,Y,No,12,3,1,80,0,2,2,2,2,2,1,2
31,0,Travel_Frequently,1327,ResearchDevelopment,3,4,Medical,1,337,2,Male,73,3,3,ResearchDirector,3,Divorced,13675,13523,9,Y,No,12,3,1,80,1,9,3,3,2,2,2,2
32,1,Travel_Rarely,1045,Sales,4,4,Medical,1,291,4,Male,32,1,3,SalesExecutive,4,Married,10400,25812,1,Y,No,11,3,3,80,0,14,2,2,14,8,9,8
26,1,Travel_Rarely,950,Sales,4,4,Marketing,1,401,4,Male,48,2,2,SalesExecutive,4,Single,5828,8450,1,Y,Yes,12,3,2,80,0,8,0,3,8,7,7,4
41,1,Travel_Frequently,143,Sales,4,3,Marketing,1,488,1,Male,56,3,2,SalesExecutive,2,Single,9355,9558,1,Y,No,18,3,3,80,0,8,5,3,8,7,7,7
30,1,Travel_Frequently,464,ResearchDevelopment,4,3,TechnicalDegree,1,514,3,Male,40,3,1,ResearchScientist,4,Single,2285,3427,9,Y,Yes,23,4,3,80,0,3,4,3,1,0,0,0
22,1,Travel_Frequently,1368,ResearchDevelopment,4,1,TechnicalDegree,1,593,3,Male,99,2,1,LaboratoryTechnician,3,Single,3894,9129,5,Y,No,16,3,3,80,0,4,3,3,2,2,1,2
20,1,Travel_Rarely,129,ResearchDevelopment,4,3,TechnicalDegree,1,960,1,Male,84,3,1,LaboratoryTechnician,1,Single,2973,13008,1,Y,No,19,3,2,80,0,1,2,3,1,0,0,0
51,1,Travel_Rarely,1323,ResearchDevelopment,4,4,LifeSciences,1,1081,1,Male,34,3,1,ResearchScientist,3,Married,2461,10332,9,Y,Yes,12,3,3,80,3,18,2,4,10,0,2,7
35,1,Travel_Rarely,1204,Sales,4,3,TechnicalDegree,1,1100,4,Male,86,3,3,SalesExecutive,1,Single,9582,10333,0,Y,Yes,22,4,1,80,0,9,2,3,8,7,4,7
25,1,Travel_Rarely,1219,ResearchDevelopment,4,1,TechnicalDegree,1,1106,4,Male,32,3,1,LaboratoryTechnician,4,Married,3691,4605,1,Y,Yes,15,3,2,80,1,7,3,4,7,7,5,6
41,0,NonTravel,552,HumanResources,4,3,HumanResources,1,1722,3,Male,60,1,2,HumanResources,2,Married,6430,20794,6,Y,No,19,3,2,80,1,10,4,3,3,2,1,2
31,0,Travel_Rarely,471,ResearchDevelopment,4,3,Medical,1,1916,1,Female,62,4,1,LaboratoryTechnician,3,Divorced,3978,16031,8,Y,No,12,3,2,80,1,4,0,2,2,2,2,2
27,0,Travel_Rarely,618,ResearchDevelopment,4,3,LifeSciences,1,933,2,Female,76,3,1,ResearchScientist,3,Single,2318,17808,1,Y,No,19,3,3,80,0,1,2,3,1,1,0,0
48,0,Travel_Rarely,1355,ResearchDevelopment,4,4,LifeSciences,1,1024,3,Male,78,2,3,HealthcareRepresentative,3,Single,10999,22245,7,Y,No,14,3,2,80,0,27,3,3,15,11,4,8
25,0,Travel_Rarely,891,Sales,4,2,LifeSciences,1,527,2,Female,99,2,2,SalesExecutive,4,Single,4487,12090,1,Y,Yes,11,3,2,80,0,5,3,3,5,4,1,3
36,0,Travel_Rarely,172,ResearchDevelopment,4,4,LifeSciences,1,1435,1,Male,37,2,2,LaboratoryTechnician,4,Single,5810,22604,1,Y,No,16,3,3,80,0,10,2,2,10,4,1,8
47,0,Travel_Rarely,955,Sales,4,2,LifeSciences,1,1003,4,Female,83,3,2,SalesExecutive,4,Single,4163,8571,1,Y,Yes,17,3,3,80,0,9,0,3,9,0,0,7
24,0,NonTravel,1269,ResearchDevelopment,4,1,LifeSciences,1,888,1,Male,46,2,1,LaboratoryTechnician,4,Married,3162,10778,0,Y,No,17,3,4,80,0,6,2,2,5,2,3,4
40,0,Travel_Rarely,989,ResearchDevelopment,4,1,Medical,1,253,4,Female,46,3,5,Manager,3,Married,19033,6499,1,Y,No,14,3,2,80,1,21,2,3,20,8,9,9
39,1,Travel_Rarely,895,Sales,5,3,TechnicalDegree,1,42,4,Male,56,3,2,SalesRepresentative,4,Married,2086,3335,3,Y,No,14,3,3,80,1,19,6,4,1,0,0,0
28,1,Travel_Rarely,1434,ResearchDevelopment,5,4,TechnicalDegree,1,65,3,Male,50,3,1,LaboratoryTechnician,3,Single,3441,11179,1,Y,Yes,13,3,3,80,0,2,3,2,2,2,2,2
25,1,Travel_Rarely,240,Sales,5,3,Marketing,1,142,3,Male,46,2,2,SalesExecutive,3,Single,5744,26959,1,Y,Yes,11,3,4,80,0,6,1,3,6,4,0,3
33,1,Travel_Rarely,350,Sales,5,3,Marketing,1,485,4,Female,34,3,1,SalesRepresentative,3,Single,2851,9150,1,Y,Yes,13,3,2,80,0,1,2,3,1,0,0,0
18,1,Travel_Frequently,1306,Sales,5,3,Marketing,1,614,2,Male,69,3,1,SalesRepresentative,2,Single,1878,8059,1,Y,Yes,14,3,4,80,0,0,3,3,0,0,0,0
26,1,Travel_Frequently,887,ResearchDevelopment,5,2,Medical,1,848,3,Female,88,2,1,ResearchScientist,3,Married,2366,20898,1,Y,Yes,14,3,1,80,1,8,2,3,8,7,1,7
30,1,Travel_Frequently,109,ResearchDevelopment,5,3,Medical,1,1017,2,Female,60,3,1,LaboratoryTechnician,2,Single,2422,25725,0,Y,No,17,3,1,80,0,4,3,3,3,2,1,2
41,1,NonTravel,906,ResearchDevelopment,5,2,LifeSciences,1,1210,1,Male,95,2,1,ResearchScientist,1,Divorced,2107,20293,6,Y,No,17,3,1,80,1,5,2,1,1,0,0,0
52,1,Travel_Rarely,1030,Sales,5,3,LifeSciences,1,1319,2,Male,64,3,3,SalesExecutive,2,Single,8446,21534,9,Y,Yes,19,3,3,80,0,10,2,2,8,7,7,7
32,1,Travel_Frequently,238,ResearchDevelopment,5,2,LifeSciences,1,1939,1,Female,47,4,1,ResearchScientist,3,Single,2432,15318,3,Y,Yes,14,3,1,80,0,8,2,3,4,1,0,3
31,0,Travel_Rarely,1112,Sales,5,4,LifeSciences,1,1673,1,Female,67,3,2,SalesExecutive,4,Married,5476,22589,1,Y,No,11,3,1,80,2,10,2,3,10,0,0,2
32,0,Travel_Rarely,334,ResearchDevelopment,5,2,LifeSciences,1,21,1,Male,80,4,1,ResearchScientist,2,Divorced,3298,15053,0,Y,Yes,12,3,4,80,2,7,5,2,6,2,0,5
32,0,Travel_Rarely,824,ResearchDevelopment,5,2,LifeSciences,1,1555,4,Female,67,2,2,ResearchScientist,2,Married,5878,15624,3,Y,No,12,3,1,80,1,12,2,3,7,1,2,5
36,0,Travel_Rarely,1396,ResearchDevelopment,5,2,LifeSciences,1,304,4,Male,62,3,2,LaboratoryTechnician,2,Single,5914,9945,8,Y,No,16,3,4,80,0,16,3,4,13,11,3,7
30,0,Travel_Rarely,201,ResearchDevelopment,5,3,TechnicalDegree,1,197,4,Female,84,3,1,ResearchScientist,1,Divorced,3204,10415,5,Y,No,14,3,4,80,1,8,3,3,3,2,2,2
32,0,Travel_Rarely,1373,ResearchDevelopment,5,4,LifeSciences,1,1966,4,Male,56,2,2,ManufacturingDirector,4,Single,9679,10138,8,Y,No,24,4,2,80,0,8,1,3,1,0,0,0
42,0,Travel_Frequently,1474,ResearchDevelopment,5,2,Other,1,591,2,Male,97,3,1,LaboratoryTechnician,3,Married,2093,9260,4,Y,No,17,3,4,80,1,8,4,3,2,2,2,0
51,0,Travel_Rarely,770,HumanResources,5,3,LifeSciences,1,1352,3,Male,84,3,4,Manager,2,Divorced,14026,17588,1,Y,Yes,11,3,2,80,1,33,2,3,33,9,0,10
33,0,Travel_Rarely,832,ResearchDevelopment,5,4,LifeSciences,1,338,3,Female,63,2,1,ResearchScientist,4,Married,2911,14776,1,Y,No,13,3,3,80,1,2,2,2,2,2,0,2
36,0,Travel_Rarely,711,ResearchDevelopment,5,4,LifeSciences,1,1651,2,Female,42,3,3,HealthcareRepresentative,1,Married,8008,22792,4,Y,No,12,3,3,80,2,9,6,3,3,2,0,2
34,1,Travel_Rarely,699,ResearchDevelopment,6,1,Medical,1,31,2,Male,83,3,1,ResearchScientist,1,Single,2960,17102,2,Y,No,11,3,3,80,0,8,2,3,4,2,1,3
37,1,Travel_Rarely,807,HumanResources,6,4,HumanResources,1,133,3,Male,63,3,1,HumanResources,1,Divorced,2073,23648,4,Y,Yes,22,4,4,80,0,7,3,3,3,2,0,2
20,1,Travel_Frequently,871,ResearchDevelopment,6,3,LifeSciences,1,137,4,Female,66,2,1,LaboratoryTechnician,4,Single,2926,19783,1,Y,Yes,18,3,2,80,0,1,5,3,1,0,1,0
31,1,Travel_Rarely,249,Sales,6,4,LifeSciences,1,163,2,Male,76,1,2,SalesExecutive,3,Married,6172,20739,4,Y,Yes,18,3,2,80,0,12,3,2,7,7,7,7
34,1,Travel_Frequently,296,Sales,6,2,Marketing,1,555,4,Female,33,1,1,SalesRepresentative,3,Divorced,2351,12253,0,Y,No,16,3,4,80,1,3,3,2,2,2,1,0
23,1,Travel_Rarely,1243,ResearchDevelopment,6,3,LifeSciences,1,811,3,Male,63,4,1,LaboratoryTechnician,1,Married,1601,3445,1,Y,Yes,21,4,3,80,2,1,2,3,0,0,0,0
39,1,Travel_Rarely,1122,ResearchDevelopment,6,3,Medical,1,932,4,Male,70,3,1,LaboratoryTechnician,1,Married,2404,4303,7,Y,Yes,21,4,4,80,0,8,2,1,2,2,2,2
27,0,Travel_Rarely,199,ResearchDevelopment,6,3,LifeSciences,1,1162,4,Male,55,2,1,ResearchScientist,3,Married,2539,7950,1,Y,No,13,3,3,80,1,4,0,3,4,2,2,2
42,0,Travel_Rarely,1396,ResearchDevelopment,6,3,Medical,1,1911,3,Male,83,3,3,ResearchDirector,1,Married,13348,14842,9,Y,No,13,3,2,80,1,18,3,4,13,7,5,7
26,0,Travel_Rarely,841,ResearchDevelopment,6,3,Other,1,164,3,Female,46,2,1,ResearchScientist,2,Married,2368,23300,1,Y,No,19,3,3,80,0,5,3,2,5,4,4,3
41,0,Travel_Rarely,263,ResearchDevelopment,6,3,Medical,1,957,4,Male,59,3,1,LaboratoryTechnician,1,Single,4721,3119,2,Y,Yes,13,3,3,80,0,20,3,3,18,13,2,17
36,0,Travel_Frequently,1302,ResearchDevelopment,6,4,LifeSciences,1,1594,1,Male,80,4,2,LaboratoryTechnician,1,Married,5562,19711,3,Y,Yes,13,3,4,80,1,9,3,3,3,2,0,2
29,0,Travel_Rarely,1401,ResearchDevelopment,6,1,Medical,1,1192,2,Female,54,3,1,LaboratoryTechnician,4,Married,3131,26342,1,Y,No,13,3,1,80,1,10,5,3,10,8,0,8
53,0,Travel_Rarely,346,ResearchDevelopment,6,3,LifeSciences,1,769,4,Male,86,3,2,LaboratoryTechnician,4,Single,2450,10919,2,Y,No,17,3,4,80,0,19,4,3,2,2,2,2
36,0,Travel_Rarely,1403,ResearchDevelopment,6,3,LifeSciences,1,373,4,Male,47,3,1,LaboratoryTechnician,4,Married,3210,20251,0,Y,No,11,3,3,80,1,16,4,3,15,13,10,11
29,0,Travel_Rarely,352,HumanResources,6,1,Medical,1,1865,4,Male,87,2,1,HumanResources,2,Married,2804,15434,1,Y,No,11,3,4,80,0,1,3,3,1,0,0,0
56,0,Travel_Frequently,906,Sales,6,3,LifeSciences,1,532,3,Female,86,4,4,SalesExecutive,1,Married,13212,18256,9,Y,No,11,3,4,80,3,36,0,2,7,7,7,7
35,0,Travel_Rarely,735,ResearchDevelopment,6,1,LifeSciences,1,1291,3,Male,66,3,1,ResearchScientist,3,Married,3506,6020,0,Y,Yes,14,3,4,80,0,4,3,3,3,2,2,2
36,0,Travel_Rarely,132,ResearchDevelopment,6,3,LifeSciences,1,97,2,Female,55,4,1,LaboratoryTechnician,4,Married,3038,22002,3,Y,No,12,3,2,80,0,5,3,3,1,0,0,0
34,1,Travel_Frequently,658,ResearchDevelopment,7,3,LifeSciences,1,147,1,Male,66,1,2,LaboratoryTechnician,3,Single,6074,22887,1,Y,Yes,24,4,4,80,0,9,3,3,9,7,0,6
24,1,Travel_Frequently,1287,ResearchDevelopment,7,3,LifeSciences,1,647,1,Female,55,3,1,LaboratoryTechnician,3,Married,2886,14168,1,Y,Yes,16,3,4,80,1,6,4,3,6,3,1,2
29,1,Travel_Rarely,806,ResearchDevelopment,7,3,TechnicalDegree,1,1299,2,Female,39,3,1,LaboratoryTechnician,3,Divorced,3339,17285,3,Y,Yes,13,3,1,80,2,10,2,3,7,7,7,7
32,1,Travel_Rarely,1089,ResearchDevelopment,7,2,LifeSciences,1,1309,4,Male,79,3,2,LaboratoryTechnician,3,Married,4883,22845,1,Y,No,18,3,1,80,1,10,3,3,10,4,1,1
58,1,Travel_Rarely,601,ResearchDevelopment,7,4,Medical,1,1360,3,Female,53,2,3,ManufacturingDirector,1,Married,10008,12023,7,Y,Yes,14,3,4,80,0,31,0,2,10,9,5,9
40,1,Travel_Rarely,1329,ResearchDevelopment,7,3,LifeSciences,1,1649,1,Male,73,3,1,LaboratoryTechnician,1,Single,2166,3339,3,Y,Yes,14,3,2,80,0,10,3,1,4,2,0,3
48,1,Travel_Frequently,708,Sales,7,2,Medical,1,1691,4,Female,95,3,1,SalesRepresentative,3,Married,2655,11740,2,Y,Yes,11,3,3,80,2,19,3,3,9,7,7,7
23,1,Travel_Rarely,427,Sales,7,3,LifeSciences,1,1702,3,Male,99,3,1,SalesRepresentative,4,Divorced,2275,25103,1,Y,Yes,21,4,2,80,1,3,2,3,3,2,0,2
21,1,Travel_Rarely,337,Sales,7,1,Marketing,1,1780,2,Male,31,3,1,SalesRepresentative,2,Single,2679,4567,1,Y,No,13,3,2,80,0,1,3,3,1,0,1,0
22,1,Travel_Rarely,391,ResearchDevelopment,7,1,LifeSciences,1,1878,4,Male,75,3,1,ResearchScientist,2,Single,2472,26092,1,Y,Yes,23,4,1,80,0,1,2,3,1,0,0,0
56,1,Travel_Rarely,310,ResearchDevelopment,7,2,TechnicalDegree,1,2032,4,Male,72,3,1,LaboratoryTechnician,3,Married,2339,3666,8,Y,No,11,3,4,80,1,14,4,1,10,9,9,8
38,0,Travel_Frequently,693,ResearchDevelopment,7,3,LifeSciences,1,1382,4,Male,57,4,1,ResearchScientist,3,Divorced,2610,15748,1,Y,No,11,3,4,80,3,4,2,3,4,2,0,3
48,0,Travel_Rarely,1221,Sales,7,3,Marketing,1,1466,3,Male,96,3,2,SalesExecutive,1,Divorced,5486,24795,4,Y,No,11,3,1,80,3,15,3,3,2,2,2,2
43,0,Travel_Rarely,1001,ResearchDevelopment,7,3,LifeSciences,1,451,3,Female,43,3,3,HealthcareRepresentative,1,Married,9985,9262,8,Y,No,16,3,1,80,1,10,1,2,1,0,0,0
34,0,Travel_Rarely,479,ResearchDevelopment,7,4,Medical,1,1577,1,Male,35,3,1,ResearchScientist,4,Single,2972,22061,1,Y,No,13,3,3,80,0,1,4,1,1,0,0,0
51,0,Travel_Rarely,1169,ResearchDevelopment,7,4,Medical,1,211,2,Male,34,2,2,ManufacturingDirector,3,Married,6132,13983,2,Y,No,17,3,3,80,0,10,2,3,1,0,0,0
31,0,Travel_Rarely,655,ResearchDevelopment,7,4,LifeSciences,1,76,4,Male,48,3,2,LaboratoryTechnician,4,Divorced,5915,9528,3,Y,No,22,4,4,80,1,10,3,2,7,7,1,7
45,0,Travel_Frequently,1199,ResearchDevelopment,7,4,LifeSciences,1,341,1,Male,77,4,2,ManufacturingDirector,3,Married,6434,5118,4,Y,No,17,3,4,80,1,9,1,3,3,2,0,2
37,0,Travel_Rarely,397,ResearchDevelopment,7,4,Medical,1,102,1,Male,30,3,3,ResearchDirector,3,Single,13664,25258,4,Y,No,13,3,1,80,0,16,3,4,5,2,0,2
25,0,Travel_Rarely,1280,ResearchDevelopment,7,1,Medical,1,143,4,Male,64,2,1,ResearchScientist,4,Married,2889,26897,1,Y,No,11,3,3,80,2,2,2,3,2,2,2,1
31,0,Travel_Rarely,218,Sales,7,3,TechnicalDegree,1,416,2,Male,100,4,2,SalesExecutive,4,Married,6929,12241,4,Y,No,11,3,2,80,1,10,3,2,8,7,7,7
39,0,Travel_Frequently,672,ResearchDevelopment,7,2,Medical,1,444,3,Male,54,2,5,Manager,4,Married,19272,21141,1,Y,No,15,3,1,80,1,21,2,3,21,9,13,3
30,0,NonTravel,990,ResearchDevelopment,7,3,TechnicalDegree,1,1482,3,Male,64,3,1,ResearchScientist,3,Divorced,1274,7152,1,Y,No,13,3,2,80,2,1,2,2,1,0,0,0
51,1,Travel_Frequently,1150,ResearchDevelopment,8,4,LifeSciences,1,179,1,Male,53,1,3,ManufacturingDirector,4,Single,10650,25150,2,Y,No,15,3,4,80,0,18,2,3,4,2,0,3
52,1,Travel_Rarely,723,ResearchDevelopment,8,4,Medical,1,433,3,Male,85,2,2,ResearchScientist,2,Married,4941,17747,2,Y,No,15,3,1,80,0,11,3,2,8,2,7,7
29,1,Travel_Rarely,318,ResearchDevelopment,8,4,Other,1,454,2,Male,77,1,1,LaboratoryTechnician,1,Married,2119,4759,1,Y,Yes,11,3,4,80,0,7,4,2,7,7,0,7
50,1,Travel_Frequently,562,Sales,8,2,TechnicalDegree,1,723,2,Male,50,3,2,SalesExecutive,3,Married,6796,23452,3,Y,Yes,14,3,1,80,1,18,4,3,4,3,1,3
26,1,Travel_Rarely,1146,Sales,8,3,TechnicalDegree,1,796,4,Male,38,2,2,SalesExecutive,1,Single,5326,3064,6,Y,No,17,3,3,80,0,6,2,2,4,3,1,2
18,1,NonTravel,247,ResearchDevelopment,8,1,Medical,1,1156,3,Male,80,3,1,LaboratoryTechnician,3,Single,1904,13556,1,Y,No,12,3,4,80,0,0,0,3,0,0,0,0
31,1,Travel_Rarely,202,ResearchDevelopment,8,3,LifeSciences,1,1433,1,Female,34,2,1,ResearchScientist,2,Single,1261,22262,1,Y,No,12,3,3,80,0,1,3,4,1,0,0,0
23,1,Travel_Rarely,1320,ResearchDevelopment,8,1,Medical,1,1684,4,Male,93,2,1,LaboratoryTechnician,3,Single,3989,20586,1,Y,Yes,11,3,1,80,0,5,2,3,5,4,1,2
30,1,Travel_Frequently,600,HumanResources,8,3,HumanResources,1,1747,3,Female,66,2,1,HumanResources,4,Divorced,2180,9732,6,Y,No,11,3,3,80,1,6,0,2,4,2,1,2
22,1,Travel_Rarely,1294,ResearchDevelopment,8,1,Medical,1,1783,3,Female,79,3,1,LaboratoryTechnician,1,Married,2398,15999,1,Y,Yes,17,3,3,80,0,1,6,3,1,0,0,0
50,0,Travel_Rarely,316,Sales,8,4,Marketing,1,738,4,Male,54,3,1,SalesRepresentative,2,Married,3875,9983,7,Y,No,15,3,4,80,1,4,2,3,2,2,2,2
33,0,Travel_Rarely,1216,Sales,8,4,Marketing,1,677,3,Male,39,3,2,SalesExecutive,3,Divorced,7104,20431,0,Y,No,12,3,4,80,0,6,3,3,5,0,1,2
31,0,Travel_Rarely,326,Sales,8,2,LifeSciences,1,1453,1,Male,31,3,3,SalesExecutive,4,Divorced,10793,8386,1,Y,No,18,3,1,80,1,13,5,3,13,7,9,9
32,0,Travel_Rarely,604,Sales,8,3,Medical,1,1304,3,Male,56,4,2,SalesExecutive,4,Married,6209,11693,1,Y,No,15,3,3,80,2,10,4,4,10,7,0,8
46,0,Travel_Rarely,1003,ResearchDevelopment,8,4,LifeSciences,1,1080,4,Female,74,2,2,ResearchScientist,1,Divorced,4615,21029,8,Y,Yes,23,4,1,80,3,19,2,3,16,13,1,7
44,0,Travel_Rarely,986,ResearchDevelopment,8,4,LifeSciences,1,874,1,Male,62,4,1,LaboratoryTechnician,4,Married,2818,5044,2,Y,Yes,24,4,3,80,1,10,2,2,3,2,0,2
55,0,NonTravel,177,ResearchDevelopment,8,1,Medical,1,1278,4,Male,37,2,4,HealthcareRepresentative,2,Divorced,13577,25592,1,Y,Yes,15,3,4,80,1,34,3,3,33,9,15,0
30,0,Travel_Rarely,231,Sales,8,2,Other,1,982,3,Male,62,3,3,SalesExecutive,3,Divorced,7264,9977,5,Y,No,11,3,1,80,1,10,2,4,8,4,7,7
40,0,Travel_Rarely,369,ResearchDevelopment,8,2,LifeSciences,1,1724,2,Female,92,3,2,ManufacturingDirector,1,Married,6516,5041,2,Y,Yes,16,3,2,80,1,18,3,3,1,0,0,0
49,0,Travel_Rarely,527,ResearchDevelopment,8,2,Other,1,944,1,Female,51,3,3,LaboratoryTechnician,2,Married,7403,22477,4,Y,No,11,3,3,80,1,29,3,2,26,9,1,7
49,0,Travel_Frequently,279,ResearchDevelopment,8,1,LifeSciences,1,2,3,Male,61,2,2,ResearchScientist,2,Married,5130,24907,1,Y,No,23,4,4,80,1,10,3,3,10,7,1,7
36,1,Travel_Rarely,1218,Sales,9,4,LifeSciences,1,27,3,Male,82,2,1,SalesRepresentative,1,Single,3407,6986,7,Y,No,23,4,2,80,0,10,4,3,5,3,0,3
36,1,Travel_Rarely,318,ResearchDevelopment,9,3,Medical,1,90,4,Male,79,2,1,ResearchScientist,3,Married,3388,21777,0,Y,Yes,17,3,1,80,1,2,0,2,1,0,0,0
46,1,Travel_Rarely,669,Sales,9,2,Medical,1,118,3,Male,64,2,3,SalesExecutive,4,Single,9619,13596,1,Y,No,16,3,4,80,0,9,3,3,9,8,4,7
32,1,Travel_Rarely,1033,ResearchDevelopment,9,3,Medical,1,190,1,Female,41,3,1,LaboratoryTechnician,1,Single,4200,10224,7,Y,No,22,4,1,80,0,10,2,4,5,4,0,4
31,1,NonTravel,335,ResearchDevelopment,9,2,Medical,1,991,3,Male,46,2,1,ResearchScientist,1,Single,2321,10322,0,Y,Yes,22,4,1,80,0,4,0,3,3,2,1,2
20,1,Travel_Frequently,769,Sales,9,3,Marketing,1,1077,4,Female,54,3,1,SalesRepresentative,4,Single,2323,17205,1,Y,Yes,14,3,2,80,0,2,3,3,2,2,0,2
33,1,Travel_Rarely,603,Sales,9,4,Marketing,1,1157,1,Female,77,3,2,SalesExecutive,1,Single,8224,18385,0,Y,Yes,17,3,1,80,0,6,3,3,5,2,0,3
43,1,Travel_Rarely,1372,Sales,9,3,Marketing,1,1188,1,Female,85,1,2,SalesExecutive,3,Single,5346,9489,8,Y,No,13,3,2,80,0,7,2,2,4,3,1,3
25,1,Travel_Rarely,383,Sales,9,2,LifeSciences,1,1439,1,Male,68,2,1,SalesRepresentative,1,Married,4400,15182,3,Y,No,12,3,1,80,0,6,2,3,3,2,2,2
46,1,Travel_Rarely,377,Sales,9,3,Marketing,1,1457,1,Male,52,3,3,SalesExecutive,4,Divorced,10096,15986,4,Y,No,11,3,1,80,1,28,1,4,7,7,4,3
34,1,Travel_Rarely,1107,HumanResources,9,4,TechnicalDegree,1,1467,1,Female,52,3,1,HumanResources,3,Married,2742,3072,1,Y,No,15,3,4,80,0,2,0,3,2,2,2,2
24,1,Travel_Frequently,381,ResearchDevelopment,9,3,Medical,1,1494,2,Male,89,3,1,LaboratoryTechnician,1,Single,3172,16998,2,Y,Yes,11,3,3,80,0,4,2,2,0,0,0,0
40,1,Travel_Rarely,676,ResearchDevelopment,9,4,LifeSciences,1,1534,4,Male,86,3,1,LaboratoryTechnician,1,Single,2018,21831,3,Y,No,14,3,2,80,0,15,3,1,5,4,1,0
47,1,Travel_Frequently,1093,Sales,9,3,LifeSciences,1,1716,3,Male,82,1,4,SalesExecutive,3,Married,12936,24164,7,Y,No,11,3,3,80,0,25,3,1,23,5,14,10
29,1,Travel_Rarely,428,Sales,9,3,Marketing,1,1752,2,Female,52,1,1,SalesRepresentative,2,Single,2760,14630,1,Y,No,13,3,3,80,0,2,3,3,2,2,2,2
34,1,Travel_Frequently,234,ResearchDevelopment,9,4,LifeSciences,1,1807,4,Male,93,3,2,LaboratoryTechnician,1,Married,5346,6208,4,Y,No,17,3,3,80,1,11,3,2,7,1,0,7
30,1,Travel_Rarely,945,Sales,9,3,Medical,1,1876,2,Male,89,3,1,SalesRepresentative,4,Single,1081,16019,1,Y,No,13,3,3,80,0,1,3,2,1,0,0,0
23,1,Travel_Frequently,638,Sales,9,3,Marketing,1,2023,4,Male,33,3,1,SalesRepresentative,1,Married,1790,26956,1,Y,No,19,3,1,80,1,1,3,2,1,0,1,0
29,0,Travel_Rarely,1082,ResearchDevelopment,9,4,Medical,1,1709,4,Female,43,3,1,LaboratoryTechnician,3,Married,2974,25412,9,Y,No,17,3,3,80,1,9,2,3,5,3,1,2
50,0,Travel_Rarely,264,Sales,9,3,Marketing,1,1591,3,Male,59,3,5,Manager,3,Married,19331,19519,4,Y,Yes,16,3,3,80,1,27,2,3,1,0,0,0
45,0,NonTravel,1050,Sales,9,4,LifeSciences,1,1117,2,Female,65,2,2,SalesExecutive,3,Married,5593,17970,1,Y,No,13,3,4,80,1,15,2,3,15,10,4,12
34,0,Travel_Rarely,1400,Sales,9,1,LifeSciences,1,1163,2,Female,70,3,2,SalesExecutive,3,Married,5714,5829,1,Y,No,20,4,1,80,0,6,3,2,6,5,1,3
28,0,Travel_Rarely,304,Sales,9,4,LifeSciences,1,498,2,Male,92,3,2,SalesExecutive,4,Single,5253,20750,1,Y,No,16,3,4,80,0,7,1,3,7,5,0,7
54,0,Travel_Rarely,155,ResearchDevelopment,9,2,LifeSciences,1,1969,1,Female,67,3,2,ResearchScientist,3,Married,2897,22474,3,Y,No,11,3,3,80,2,9,6,2,4,3,2,3
42,0,Travel_Frequently,748,ResearchDevelopment,9,2,Medical,1,1480,1,Female,74,3,1,LaboratoryTechnician,4,Single,3673,16458,1,Y,No,13,3,3,80,0,12,3,3,12,9,5,8
27,0,NonTravel,691,ResearchDevelopment,9,3,Medical,1,218,4,Male,57,3,1,ResearchScientist,2,Divorced,2024,5970,6,Y,No,18,3,4,80,1,6,1,1,2,2,2,2
50,0,Travel_Rarely,804,ResearchDevelopment,9,3,LifeSciences,1,1030,1,Male,64,3,1,LaboratoryTechnician,4,Married,2380,20165,4,Y,No,18,3,2,80,0,8,5,3,1,0,0,0
39,0,NonTravel,439,ResearchDevelopment,9,3,LifeSciences,1,1132,3,Male,70,3,2,LaboratoryTechnician,2,Single,6782,8770,9,Y,No,15,3,3,80,0,9,2,2,5,4,0,3
41,0,Travel_Rarely,933,ResearchDevelopment,9,4,LifeSciences,1,200,3,Male,94,3,1,LaboratoryTechnician,1,Married,2238,6961,2,Y,No,21,4,4,80,1,7,2,3,5,0,1,4
37,1,Travel_Frequently,504,ResearchDevelopment,10,3,Medical,1,342,1,Male,61,3,3,ManufacturingDirector,3,Divorced,10048,22573,6,Y,No,11,3,2,80,2,17,5,3,1,0,0,0
33,1,Travel_Rarely,587,ResearchDevelopment,10,1,Medical,1,584,1,Male,38,1,1,LaboratoryTechnician,4,Divorced,3408,6705,7,Y,No,13,3,1,80,3,8,2,3,4,3,1,3
20,1,Travel_Rarely,1362,ResearchDevelopment,10,1,Medical,1,701,4,Male,32,3,1,ResearchScientist,3,Single,1009,26999,1,Y,Yes,11,3,4,80,0,1,5,3,1,0,1,1
29,1,Travel_Rarely,906,ResearchDevelopment,10,3,LifeSciences,1,994,4,Female,92,2,1,ResearchScientist,1,Single,2404,11479,6,Y,Yes,20,4,3,80,0,3,5,3,0,0,0,0
21,1,Travel_Rarely,1334,ResearchDevelopment,10,3,LifeSciences,1,1079,3,Female,36,2,1,LaboratoryTechnician,1,Single,1416,17258,1,Y,No,13,3,1,80,0,1,6,2,1,0,1,0
44,1,Travel_Rarely,1097,ResearchDevelopment,10,4,LifeSciences,1,1200,3,Male,96,3,1,ResearchScientist,3,Single,2936,10826,1,Y,Yes,11,3,3,80,0,6,4,3,6,4,0,2
19,1,NonTravel,504,ResearchDevelopment,10,3,Medical,1,1248,1,Female,96,2,1,ResearchScientist,2,Single,1859,6148,1,Y,Yes,25,4,2,80,0,1,2,4,1,1,0,0
21,1,Travel_Frequently,251,ResearchDevelopment,10,2,LifeSciences,1,1279,1,Female,45,2,1,LaboratoryTechnician,3,Single,2625,25308,1,Y,No,20,4,3,80,0,2,2,1,2,2,2,2
35,1,Travel_Rarely,737,Sales,10,3,Medical,1,1639,4,Male,55,2,3,SalesExecutive,1,Married,10306,21530,9,Y,No,17,3,3,80,0,15,3,3,13,12,6,0
37,1,Travel_Rarely,370,ResearchDevelopment,10,4,Medical,1,1809,4,Male,58,3,2,ManufacturingDirector,1,Single,4213,4992,1,Y,No,15,3,2,80,0,10,4,1,10,3,0,8
46,1,Travel_Rarely,1254,Sales,10,3,LifeSciences,1,1869,3,Female,64,3,3,SalesExecutive,2,Married,7314,14011,5,Y,No,21,4,3,80,3,14,2,3,8,7,0,7
34,0,Travel_Rarely,546,ResearchDevelopment,10,3,LifeSciences,1,934,2,Male,83,3,1,LaboratoryTechnician,2,Divorced,2008,6896,1,Y,No,14,3,2,80,2,1,3,3,1,0,1,0
39,0,Travel_Rarely,1387,ResearchDevelopment,10,5,Medical,1,1618,2,Male,76,3,2,ManufacturingDirector,1,Married,5377,3835,2,Y,No,13,3,4,80,3,10,3,3,7,7,7,7
39,0,Travel_Rarely,117,ResearchDevelopment,10,1,Medical,1,429,3,Male,99,3,4,Manager,1,Married,17068,5355,1,Y,Yes,14,3,4,80,0,21,3,3,21,9,11,10
29,0,Travel_Frequently,490,ResearchDevelopment,10,3,LifeSciences,1,1143,4,Female,61,3,1,ResearchScientist,2,Divorced,3291,17940,0,Y,No,14,3,4,80,2,8,2,2,7,5,1,1
31,0,NonTravel,697,ResearchDevelopment,10,3,Medical,1,1979,3,Female,40,3,3,ResearchDirector,3,Married,11031,26862,4,Y,No,20,4,3,80,1,13,2,4,11,7,4,8
24,0,Travel_Frequently,897,HumanResources,10,3,Medical,1,1746,1,Male,59,3,1,HumanResources,4,Married,2145,2097,0,Y,No,14,3,4,80,1,3,2,3,2,2,2,1
46,0,Travel_Rarely,1125,Sales,10,3,Marketing,1,580,3,Female,94,2,3,SalesExecutive,4,Married,9071,11563,2,Y,Yes,19,3,3,80,1,15,3,3,3,2,1,2
36,0,NonTravel,635,Sales,10,4,Medical,1,592,2,Male,32,3,3,SalesExecutive,4,Single,9980,15318,1,Y,No,14,3,4,80,0,10,3,2,10,3,9,7
29,0,Travel_Rarely,1396,Sales,10,3,LifeSciences,1,749,3,Male,99,3,1,SalesRepresentative,3,Single,2642,2755,1,Y,No,11,3,3,80,0,1,6,3,1,0,0,0
41,0,Travel_Frequently,857,ResearchDevelopment,10,3,LifeSciences,1,199,4,Male,91,2,4,Manager,1,Divorced,17181,12888,4,Y,No,13,3,2,80,1,21,2,2,7,6,7,7
33,0,Travel_Rarely,217,Sales,10,4,Marketing,1,1924,2,Male,43,3,2,SalesExecutive,3,Single,5487,10410,1,Y,No,14,3,2,80,0,10,2,2,10,4,0,9
29,0,Travel_Rarely,1090,Sales,10,3,Marketing,1,766,4,Male,83,3,1,SalesRepresentative,2,Divorced,2297,17967,1,Y,No,14,3,4,80,2,2,2,3,2,2,2,2
54,0,Travel_Rarely,157,ResearchDevelopment,10,3,Medical,1,1980,3,Female,77,3,2,ManufacturingDirector,1,Single,4440,25198,6,Y,Yes,19,3,4,80,0,9,3,3,5,2,1,4
33,0,Travel_Frequently,508,Sales,10,3,Marketing,1,446,2,Male,46,2,2,SalesExecutive,4,Single,4682,4317,3,Y,No,14,3,3,80,0,9,6,2,7,7,0,1
37,0,Travel_Rarely,571,ResearchDevelopment,10,1,LifeSciences,1,802,4,Female,82,3,1,ResearchScientist,1,Divorced,2782,19905,0,Y,Yes,13,3,2,80,2,6,3,2,5,3,4,3
32,0,Travel_Rarely,929,Sales,10,3,Marketing,1,722,4,Male,55,3,2,SalesExecutive,4,Single,5396,21703,1,Y,No,12,3,4,80,0,10,2,2,10,7,0,8
32,1,NonTravel,1474,Sales,11,4,Other,1,631,4,Male,60,4,2,SalesExecutive,3,Married,4707,23914,8,Y,No,12,3,4,80,0,6,2,3,4,2,1,2
49,1,Travel_Rarely,1184,Sales,11,3,Marketing,1,840,3,Female,43,3,3,SalesExecutive,4,Married,7654,5860,1,Y,No,18,3,1,80,2,9,3,4,9,8,7,7
20,1,Travel_Rarely,1097,ResearchDevelopment,11,3,Medical,1,1016,4,Female,98,2,1,ResearchScientist,1,Single,2600,18275,1,Y,Yes,15,3,1,80,0,1,2,3,1,0,0,0
37,1,Travel_Rarely,1141,ResearchDevelopment,11,2,Medical,1,1033,1,Female,61,1,2,HealthcareRepresentative,2,Married,4777,14382,5,Y,No,15,3,1,80,0,15,2,1,1,0,0,0
36,0,Travel_Frequently,1195,ResearchDevelopment,11,3,LifeSciences,1,85,2,Male,95,2,2,ManufacturingDirector,2,Single,6499,22656,1,Y,No,13,3,3,80,0,6,3,3,6,5,0,3
52,0,Travel_Rarely,1325,ResearchDevelopment,11,4,LifeSciences,1,813,4,Female,82,3,2,LaboratoryTechnician,3,Married,3149,21821,8,Y,No,20,4,2,80,1,9,3,3,5,2,1,4
36,0,Travel_Rarely,1120,Sales,11,4,Marketing,1,2045,2,Female,100,2,2,SalesExecutive,4,Married,6652,14369,4,Y,No,13,3,1,80,1,8,2,2,6,3,0,0
22,0,Travel_Rarely,253,ResearchDevelopment,11,3,Medical,1,511,1,Female,43,3,1,ResearchScientist,2,Married,2244,24440,1,Y,No,13,3,4,80,1,2,1,3,2,1,1,2
24,0,NonTravel,673,ResearchDevelopment,11,2,Other,1,26,1,Female,96,4,2,ManufacturingDirector,3,Divorced,4011,8232,0,Y,No,18,3,4,80,1,5,5,2,4,2,1,3
41,1,Travel_Rarely,1360,ResearchDevelopment,12,3,TechnicalDegree,1,58,2,Female,49,3,5,ResearchDirector,3,Married,19545,16280,1,Y,No,12,3,4,80,0,23,0,3,22,15,15,8
21,1,Travel_Rarely,156,Sales,12,3,LifeSciences,1,494,3,Female,90,4,1,SalesRepresentative,2,Single,2716,25422,1,Y,No,15,3,4,80,0,1,0,3,1,0,0,0
30,1,Travel_Frequently,448,Sales,12,4,LifeSciences,1,648,2,Male,74,2,1,SalesRepresentative,1,Married,2033,14470,1,Y,No,18,3,3,80,1,1,2,4,1,0,0,0
42,1,Travel_Frequently,481,Sales,12,3,LifeSciences,1,1167,3,Male,44,3,4,SalesExecutive,1,Single,13758,2447,0,Y,Yes,12,3,2,80,0,22,2,2,21,9,13,14
28,1,Travel_Rarely,1485,ResearchDevelopment,12,1,LifeSciences,1,1175,3,Female,79,3,1,LaboratoryTechnician,4,Married,2515,22955,1,Y,Yes,11,3,4,80,0,1,4,2,1,1,0,0
35,1,Travel_Frequently,880,Sales,12,4,Other,1,1667,4,Male,36,3,2,SalesExecutive,4,Single,4581,10414,3,Y,Yes,24,4,1,80,0,13,2,4,11,9,6,7
31,0,Travel_Rarely,616,ResearchDevelopment,12,3,Medical,1,961,4,Female,41,3,2,HealthcareRepresentative,4,Married,5855,17369,0,Y,Yes,11,3,3,80,2,10,2,1,9,7,8,5
31,0,Travel_Rarely,140,ResearchDevelopment,12,1,Medical,1,246,3,Female,95,3,1,ResearchScientist,4,Married,3929,6984,8,Y,Yes,23,4,3,80,1,7,0,3,4,2,0,2
50,0,Travel_Frequently,809,Sales,12,3,Marketing,1,174,3,Female,77,3,3,SalesExecutive,4,Single,9208,6645,4,Y,No,11,3,4,80,0,16,3,3,2,2,2,1
40,0,Travel_Rarely,750,ResearchDevelopment,12,3,LifeSciences,1,1829,2,Female,47,3,2,HealthcareRepresentative,1,Divorced,4448,10748,2,Y,No,12,3,2,80,1,15,3,3,7,4,7,7
31,1,Travel_Rarely,1365,Sales,13,4,Medical,1,650,2,Male,46,3,2,SalesExecutive,1,Divorced,4233,11512,2,Y,No,17,3,3,80,0,9,2,1,3,1,1,2
55,1,Travel_Rarely,267,Sales,13,4,Marketing,1,1372,1,Male,85,4,4,SalesExecutive,3,Single,13695,9277,6,Y,Yes,17,3,3,80,0,24,2,2,19,7,3,8
29,1,Travel_Frequently,115,Sales,13,3,TechnicalDegree,1,1487,1,Female,51,3,2,SalesExecutive,2,Single,5765,17485,5,Y,No,11,3,1,80,0,7,4,1,5,3,0,0
36,1,Travel_Rarely,1456,Sales,13,5,Marketing,1,1733,2,Male,96,2,2,SalesExecutive,1,Divorced,6134,8658,5,Y,Yes,13,3,2,80,3,16,3,3,2,2,2,2
29,1,Travel_Rarely,350,HumanResources,13,3,HumanResources,1,1844,1,Male,56,2,1,HumanResources,1,Divorced,2335,3157,4,Y,Yes,15,3,4,80,3,4,3,3,2,2,2,0
28,1,Travel_Rarely,1475,Sales,13,2,Marketing,1,1933,4,Female,84,3,2,SalesExecutive,3,Single,9854,23352,3,Y,Yes,11,3,4,80,0,6,0,3,2,0,2,2
32,0,Travel_Rarely,117,Sales,13,4,LifeSciences,1,859,2,Male,73,3,2,SalesExecutive,4,Divorced,4403,9250,2,Y,No,11,3,3,80,1,8,3,2,5,2,0,3
53,0,Travel_Rarely,1084,ResearchDevelopment,13,2,Medical,1,250,4,Female,57,4,2,ManufacturingDirector,1,Divorced,4450,26250,1,Y,No,11,3,3,80,2,5,3,3,4,2,1,3
56,1,Travel_Rarely,441,ResearchDevelopment,14,4,LifeSciences,1,161,2,Female,72,3,1,ResearchScientist,2,Married,4963,4510,9,Y,Yes,18,3,1,80,3,7,2,3,5,4,4,3
33,1,Travel_Rarely,813,ResearchDevelopment,14,3,Medical,1,325,3,Male,58,3,1,LaboratoryTechnician,4,Married,2436,22149,5,Y,Yes,13,3,3,80,1,8,2,1,5,4,0,4
35,1,Travel_Rarely,622,ResearchDevelopment,14,4,Other,1,1010,3,Male,39,2,1,LaboratoryTechnician,2,Divorced,3743,10074,1,Y,Yes,24,4,4,80,1,5,2,1,4,2,0,2
29,1,Travel_Frequently,337,ResearchDevelopment,14,1,Other,1,1421,3,Female,84,3,3,HealthcareRepresentative,4,Single,7553,22930,0,Y,Yes,12,3,1,80,0,9,1,3,8,7,7,7
43,0,Travel_Rarely,589,ResearchDevelopment,14,2,LifeSciences,1,843,2,Male,94,3,4,ResearchDirector,1,Married,17159,5200,6,Y,No,24,4,3,80,1,22,3,3,4,1,1,0
42,0,Travel_Rarely,462,Sales,14,2,Medical,1,936,3,Female,68,2,2,SalesExecutive,3,Single,6244,7824,7,Y,No,17,3,1,80,0,10,6,3,5,4,0,3
33,1,Travel_Rarely,1277,ResearchDevelopment,15,1,Medical,1,582,2,Male,56,3,3,Manager,3,Married,13610,24619,7,Y,Yes,12,3,4,80,0,15,2,4,7,6,7,7
36,1,Travel_Rarely,660,ResearchDevelopment,15,3,Other,1,1052,1,Male,81,3,2,LaboratoryTechnician,3,Divorced,4834,7858,7,Y,No,14,3,2,80,1,9,3,2,1,0,0,0
31,1,Travel_Frequently,874,ResearchDevelopment,15,3,Medical,1,1160,3,Male,72,3,1,LaboratoryTechnician,3,Married,2610,6233,1,Y,No,12,3,3,80,1,2,5,2,2,2,2,2
44,1,Travel_Rarely,621,ResearchDevelopment,15,3,Medical,1,1295,1,Female,73,3,3,HealthcareRepresentative,4,Married,7978,14075,1,Y,No,11,3,4,80,1,10,2,3,10,7,0,5
35,1,Travel_Rarely,763,Sales,15,2,Medical,1,1645,1,Male,59,1,2,SalesExecutive,4,Divorced,5440,22098,6,Y,Yes,14,3,4,80,2,7,2,2,2,2,2,2
46,0,Travel_Rarely,1450,ResearchDevelopment,15,2,LifeSciences,1,1217,4,Male,52,3,5,ResearchDirector,2,Married,19081,10849,5,Y,No,11,3,1,80,1,25,2,3,4,2,0,3
32,1,Travel_Frequently,1125,ResearchDevelopment,16,1,LifeSciences,1,33,2,Female,72,1,1,ResearchScientist,1,Single,3919,4681,1,Y,Yes,22,4,2,80,0,10,5,3,10,2,6,7
26,1,Travel_Rarely,1449,ResearchDevelopment,16,4,Medical,1,394,1,Male,45,3,1,LaboratoryTechnician,2,Divorced,2373,14180,2,Y,Yes,13,3,4,80,1,5,2,3,3,2,0,2
33,1,Travel_Rarely,118,Sales,16,3,Marketing,1,819,1,Female,69,3,2,SalesExecutive,1,Single,5324,26507,5,Y,No,15,3,3,80,0,6,3,3,3,2,0,2
36,1,Travel_Rarely,885,ResearchDevelopment,16,4,LifeSciences,1,1042,3,Female,43,4,1,LaboratoryTechnician,1,Single,2743,8269,1,Y,No,16,3,3,80,0,18,1,3,17,13,15,14
33,1,Travel_Rarely,211,Sales,16,3,LifeSciences,1,1758,1,Female,74,3,3,SalesExecutive,1,Single,8564,10092,2,Y,Yes,20,4,3,80,0,11,2,2,0,0,0,0
31,1,Travel_Rarely,1079,Sales,16,4,Marketing,1,1761,1,Male,70,3,3,SalesExecutive,3,Married,8161,19002,2,Y,No,13,3,1,80,3,10,2,3,1,0,0,0
34,1,NonTravel,967,ResearchDevelopment,16,4,TechnicalDegree,1,1905,4,Male,85,1,1,ResearchScientist,1,Married,2307,14460,1,Y,Yes,23,4,2,80,1,5,2,3,5,2,3,0
22,0,NonTravel,1123,ResearchDevelopment,16,2,Medical,1,22,4,Male,96,4,1,LaboratoryTechnician,4,Divorced,2935,7324,1,Y,Yes,13,3,2,80,2,1,2,2,1,0,0,0
40,0,NonTravel,458,ResearchDevelopment,16,2,LifeSciences,1,1340,3,Male,74,3,1,ResearchScientist,3,Divorced,3544,8532,9,Y,No,16,3,2,80,1,6,0,3,4,2,0,0
49,0,Travel_Rarely,464,ResearchDevelopment,16,3,Medical,1,1674,4,Female,74,3,1,LaboratoryTechnician,1,Divorced,2587,24941,4,Y,Yes,16,3,2,80,1,17,2,2,2,2,2,2
60,0,Travel_Rarely,1179,Sales,16,4,Marketing,1,732,1,Male,84,3,2,SalesExecutive,1,Single,5405,11924,8,Y,No,14,3,4,80,0,10,1,3,2,2,2,2
30,0,Travel_Rarely,305,ResearchDevelopment,16,3,LifeSciences,1,1763,3,Male,58,4,2,HealthcareRepresentative,3,Married,5294,9128,3,Y,No,16,3,3,80,1,10,3,3,7,0,1,7
26,1,Travel_Frequently,426,HumanResources,17,4,LifeSciences,1,608,2,Female,58,3,1,HumanResources,3,Divorced,2741,22808,0,Y,Yes,11,3,2,80,1,8,2,2,7,7,1,0
24,1,Travel_Rarely,984,ResearchDevelopment,17,2,LifeSciences,1,1219,4,Female,97,3,1,LaboratoryTechnician,2,Married,2210,3372,1,Y,No,13,3,1,80,1,1,3,1,1,0,0,0
27,1,Travel_Rarely,135,ResearchDevelopment,17,4,LifeSciences,1,1405,4,Female,51,3,1,ResearchScientist,3,Single,2394,25681,1,Y,Yes,13,3,4,80,0,8,2,3,8,2,7,7
43,1,Travel_Frequently,807,ResearchDevelopment,17,3,TechnicalDegree,1,1767,3,Male,38,2,1,ResearchScientist,3,Married,2437,15587,9,Y,Yes,16,3,4,80,1,6,4,3,1,0,0,0
28,1,Travel_Rarely,1404,ResearchDevelopment,17,3,TechnicalDegree,1,1960,3,Male,32,2,1,LaboratoryTechnician,4,Divorced,2367,18779,5,Y,No,12,3,1,80,1,6,2,2,4,1,0,3
26,0,Travel_Rarely,390,ResearchDevelopment,17,4,Medical,1,1718,4,Male,62,1,1,LaboratoryTechnician,3,Married,2305,6217,1,Y,No,15,3,3,80,3,3,3,4,3,2,0,2
42,0,Travel_Rarely,916,ResearchDevelopment,17,2,LifeSciences,1,347,4,Female,82,4,2,ResearchScientist,1,Single,6545,23016,3,Y,Yes,13,3,3,80,0,10,1,3,3,2,0,2
35,0,Travel_Rarely,1361,Sales,17,4,LifeSciences,1,1218,3,Male,94,3,2,SalesExecutive,1,Married,8966,21026,3,Y,Yes,15,3,4,80,3,15,2,3,7,7,1,7
29,1,Travel_Rarely,896,ResearchDevelopment,18,1,Medical,1,315,3,Male,86,2,1,ResearchScientist,4,Single,2389,14961,1,Y,Yes,13,3,3,80,0,4,3,2,4,3,0,1
21,1,Travel_Rarely,1427,ResearchDevelopment,18,1,Other,1,923,4,Female,65,3,1,ResearchScientist,4,Single,2693,8870,1,Y,No,19,3,1,80,0,1,3,2,1,0,0,0
35,1,Travel_Frequently,662,Sales,18,4,Marketing,1,1380,4,Female,67,3,2,SalesExecutive,3,Married,4614,23288,0,Y,Yes,18,3,3,80,1,5,0,2,4,2,3,2
31,1,Travel_Rarely,359,HumanResources,18,5,HumanResources,1,1842,4,Male,89,4,1,HumanResources,1,Married,2956,21495,0,Y,No,17,3,3,80,0,2,4,3,1,0,0,0
49,0,Travel_Rarely,1245,ResearchDevelopment,18,4,LifeSciences,1,638,4,Male,58,2,5,ResearchDirector,3,Divorced,19502,2125,1,Y,Yes,17,3,3,80,1,31,5,3,31,9,0,9
34,1,NonTravel,1362,Sales,19,3,Marketing,1,502,1,Male,67,4,2,SalesExecutive,4,Single,5304,4652,8,Y,Yes,13,3,2,80,0,9,3,2,5,2,0,4
42,1,Travel_Frequently,933,ResearchDevelopment,19,3,Medical,1,752,3,Male,57,4,1,ResearchScientist,3,Divorced,2759,20366,6,Y,Yes,12,3,4,80,0,7,2,3,2,2,2,2
25,1,Travel_Rarely,867,Sales,19,2,Marketing,1,952,3,Male,36,2,1,SalesRepresentative,2,Married,2413,18798,1,Y,Yes,18,3,3,80,3,1,2,3,1,0,0,0
54,0,Travel_Rarely,376,ResearchDevelopment,19,4,Medical,1,799,4,Female,95,3,2,ManufacturingDirector,1,Divorced,5485,22670,9,Y,Yes,11,3,2,80,2,9,4,3,5,3,1,4
27,0,Travel_Rarely,1302,ResearchDevelopment,19,3,Other,1,1619,4,Male,67,2,1,LaboratoryTechnician,1,Divorced,4066,16290,1,Y,No,11,3,1,80,2,7,3,3,7,7,0,7
40,0,Travel_Rarely,905,ResearchDevelopment,19,2,Medical,1,281,3,Male,99,3,2,LaboratoryTechnician,4,Married,2741,16523,8,Y,Yes,15,3,3,80,1,15,2,4,7,2,3,7
37,0,Travel_Rarely,671,ResearchDevelopment,19,3,LifeSciences,1,1631,3,Male,85,3,2,ManufacturingDirector,3,Married,5768,26493,3,Y,No,17,3,1,80,3,9,2,2,4,3,0,2
41,0,Travel_Rarely,1411,ResearchDevelopment,19,2,LifeSciences,1,334,3,Male,36,3,2,ResearchScientist,1,Divorced,3072,19877,2,Y,No,16,3,1,80,2,17,2,2,1,0,0,0
31,1,Travel_Rarely,542,Sales,20,3,LifeSciences,1,175,2,Female,71,1,2,SalesExecutive,3,Married,4559,24788,3,Y,Yes,11,3,3,80,1,4,2,3,2,2,2,2
41,1,Travel_Rarely,1356,Sales,20,2,Marketing,1,248,2,Female,70,3,1,SalesRepresentative,2,Single,3140,21728,1,Y,Yes,22,4,4,80,0,4,5,2,4,3,0,2
31,1,Travel_Frequently,534,ResearchDevelopment,20,3,LifeSciences,1,587,1,Male,66,3,3,HealthcareRepresentative,3,Married,9824,22908,3,Y,No,12,3,1,80,0,12,2,3,1,0,0,0
26,1,Travel_Rarely,920,HumanResources,20,2,Medical,1,1818,4,Female,69,3,1,HumanResources,2,Married,2148,6889,0,Y,Yes,11,3,3,80,0,6,3,3,5,1,1,4
45,0,Travel_Rarely,1038,ResearchDevelopment,20,3,Medical,1,1460,2,Male,95,1,3,HealthcareRepresentative,1,Divorced,10851,19863,2,Y,Yes,18,3,2,80,1,24,2,3,7,7,0,7
34,0,Travel_Rarely,1320,ResearchDevelopment,20,3,TechnicalDegree,1,1265,3,Female,89,4,1,ResearchScientist,3,Married,2585,21643,0,Y,No,17,3,4,80,0,2,5,2,1,0,0,0
30,0,Travel_Rarely,1176,ResearchDevelopment,20,3,Other,1,1084,3,Male,85,3,2,ManufacturingDirector,1,Married,9957,9096,0,Y,No,15,3,3,80,1,7,1,2,6,2,0,2
19,1,Travel_Rarely,419,Sales,21,3,Other,1,959,4,Male,37,2,1,SalesRepresentative,2,Single,2121,9947,1,Y,Yes,13,3,2,80,0,1,3,4,1,0,0,0
26,1,Travel_Rarely,1330,ResearchDevelopment,21,3,Medical,1,1107,1,Male,37,3,1,LaboratoryTechnician,3,Divorced,2377,19373,1,Y,No,20,4,3,80,1,1,0,2,1,1,0,0
46,1,Travel_Rarely,261,ResearchDevelopment,21,2,Medical,1,1821,4,Female,66,3,2,HealthcareRepresentative,2,Married,8926,10842,4,Y,No,22,4,4,80,1,13,2,4,9,7,3,7
19,1,Travel_Rarely,528,Sales,22,1,Marketing,1,167,4,Male,50,3,1,SalesRepresentative,3,Single,1675,26820,1,Y,Yes,19,3,4,80,0,0,2,2,0,0,0,0
40,1,Travel_Rarely,575,Sales,22,2,Marketing,1,492,3,Male,68,2,2,SalesExecutive,3,Married,6380,6110,2,Y,Yes,12,3,1,80,2,8,6,3,6,4,1,0
30,1,Travel_Rarely,138,ResearchDevelopment,22,3,LifeSciences,1,1004,1,Female,48,3,1,ResearchScientist,3,Married,2132,11539,4,Y,Yes,11,3,2,80,0,7,2,3,5,2,0,1
31,1,Travel_Rarely,330,ResearchDevelopment,22,4,Medical,1,1389,4,Male,98,3,2,ManufacturingDirector,3,Married,6179,21057,1,Y,Yes,15,3,4,80,2,10,3,2,10,2,6,7
24,1,Travel_Rarely,240,HumanResources,22,1,HumanResources,1,1714,4,Male,58,1,1,HumanResources,3,Married,1555,11585,1,Y,No,11,3,3,80,1,1,2,3,1,0,0,0
27,1,Travel_Frequently,1337,HumanResources,22,3,HumanResources,1,1944,1,Female,58,2,1,HumanResources,2,Married,2863,19555,1,Y,No,12,3,1,80,0,1,2,3,1,0,0,0
55,0,Travel_Rarely,1441,ResearchDevelopment,22,3,TechnicalDegree,1,1694,1,Male,94,2,1,ResearchScientist,2,Divorced,3537,23737,5,Y,No,12,3,4,80,1,8,1,3,4,2,1,2
39,0,Travel_Frequently,945,ResearchDevelopment,22,3,Medical,1,1043,4,Female,82,3,3,ManufacturingDirector,1,Single,10880,5083,1,Y,Yes,13,3,3,80,0,21,2,3,21,6,2,8
50,0,Travel_Frequently,333,ResearchDevelopment,22,5,Medical,1,1539,3,Male,88,1,4,ResearchDirector,4,Single,14411,24450,1,Y,Yes,13,3,4,80,0,32,2,3,32,6,13,9
58,1,Travel_Rarely,147,ResearchDevelopment,23,4,Medical,1,165,4,Female,94,3,3,HealthcareRepresentative,4,Married,10312,3465,1,Y,No,12,3,4,80,1,40,3,2,40,10,15,6
35,1,Travel_Rarely,556,ResearchDevelopment,23,2,LifeSciences,1,261,2,Male,50,2,2,ManufacturingDirector,3,Married,5916,15497,3,Y,Yes,13,3,1,80,0,8,1,3,1,0,0,1
34,1,Travel_Frequently,988,HumanResources,23,3,HumanResources,1,590,2,Female,43,3,3,HumanResources,1,Divorced,9950,11533,9,Y,Yes,15,3,3,80,3,11,2,3,3,2,0,2
29,1,Travel_Rarely,408,Sales,23,1,LifeSciences,1,1165,4,Female,45,2,3,SalesExecutive,1,Married,7336,11162,1,Y,No,13,3,1,80,1,11,3,1,11,8,3,10
39,1,Travel_Rarely,360,ResearchDevelopment,23,3,Medical,1,1310,3,Male,93,3,1,ResearchScientist,1,Single,3904,22154,0,Y,No,13,3,1,80,0,6,2,3,5,2,0,3
30,0,Travel_Frequently,1312,ResearchDevelopment,23,3,LifeSciences,1,159,1,Male,96,1,1,ResearchScientist,3,Divorced,2613,22310,1,Y,No,25,4,3,80,3,10,2,2,10,7,0,9
24,0,Travel_Rarely,691,ResearchDevelopment,23,3,Medical,1,639,2,Male,89,4,1,ResearchScientist,4,Married,2725,21630,1,Y,Yes,11,3,2,80,2,6,3,3,6,5,1,4
44,0,NonTravel,489,ResearchDevelopment,23,3,Medical,1,132,2,Male,67,3,2,LaboratoryTechnician,2,Married,2042,25043,4,Y,No,12,3,3,80,1,17,3,4,3,2,1,2
29,0,Travel_Rarely,1283,ResearchDevelopment,23,3,LifeSciences,1,495,4,Male,54,3,1,ResearchScientist,4,Single,2201,18168,9,Y,No,16,3,4,80,0,6,4,3,3,2,1,2
38,0,Travel_Rarely,688,ResearchDevelopment,23,4,LifeSciences,1,393,4,Male,82,3,2,HealthcareRepresentative,4,Divorced,5745,18899,9,Y,No,14,3,2,80,1,10,2,3,2,2,1,2
42,0,NonTravel,335,ResearchDevelopment,23,2,LifeSciences,1,1976,4,Male,37,2,2,ResearchScientist,3,Single,4332,14811,1,Y,No,12,3,4,80,0,20,2,3,20,9,3,7
26,0,Travel_Rarely,1443,Sales,23,3,Marketing,1,72,3,Female,47,2,2,SalesExecutive,4,Married,4157,21436,7,Y,Yes,19,3,3,80,1,5,2,2,2,2,0,0
28,1,Travel_Rarely,103,ResearchDevelopment,24,3,LifeSciences,1,19,3,Male,50,2,1,LaboratoryTechnician,3,Single,2028,12947,5,Y,Yes,14,3,2,80,0,6,4,3,4,2,0,3
44,1,Travel_Frequently,920,ResearchDevelopment,24,3,LifeSciences,1,392,4,Male,43,3,1,LaboratoryTechnician,3,Divorced,3161,19920,3,Y,Yes,22,4,4,80,1,19,0,1,1,0,0,0
26,1,Travel_Rarely,471,ResearchDevelopment,24,3,TechnicalDegree,1,622,3,Male,66,1,1,LaboratoryTechnician,4,Single,2340,23213,1,Y,Yes,18,3,2,80,0,1,3,1,1,0,0,0
40,1,NonTravel,1479,Sales,24,3,LifeSciences,1,986,2,Female,100,4,4,SalesExecutive,2,Single,13194,17071,4,Y,Yes,16,3,4,80,0,22,2,2,1,0,0,0
28,1,NonTravel,1366,ResearchDevelopment,24,2,TechnicalDegree,1,1082,2,Male,72,2,3,HealthcareRepresentative,1,Single,8722,12355,1,Y,No,12,3,1,80,0,10,2,2,10,7,1,9
25,1,Travel_Frequently,599,Sales,24,1,LifeSciences,1,1273,3,Male,73,1,1,SalesRepresentative,4,Single,1118,8040,1,Y,Yes,14,3,4,80,0,1,4,3,1,0,1,0
34,1,Travel_Rarely,790,Sales,24,4,Medical,1,1489,1,Female,40,2,2,SalesExecutive,2,Single,4599,7815,0,Y,Yes,23,4,3,80,0,16,2,4,15,9,10,10
28,1,Travel_Rarely,329,ResearchDevelopment,24,3,Medical,1,1604,3,Male,51,3,1,LaboratoryTechnician,2,Married,2408,7324,1,Y,Yes,17,3,3,80,3,1,3,3,1,1,0,0
29,1,Travel_Frequently,459,ResearchDevelopment,24,2,LifeSciences,1,1868,4,Male,73,2,1,ResearchScientist,4,Single,2439,14753,1,Y,Yes,24,4,2,80,0,1,3,2,1,0,1,0
56,1,Travel_Rarely,1162,ResearchDevelopment,24,2,LifeSciences,1,1907,1,Male,97,3,1,LaboratoryTechnician,4,Single,2587,10261,1,Y,No,16,3,4,80,0,5,3,3,4,2,1,0
29,1,Travel_Frequently,746,Sales,24,3,TechnicalDegree,1,1928,3,Male,45,4,1,SalesRepresentative,1,Single,1091,10642,1,Y,No,17,3,4,80,0,1,3,3,1,0,0,0
53,1,Travel_Rarely,1168,Sales,24,4,LifeSciences,1,1968,1,Male,66,3,3,SalesExecutive,1,Single,10448,5843,6,Y,Yes,13,3,2,80,0,15,2,2,2,2,2,2
24,0,Travel_Rarely,477,ResearchDevelopment,24,3,Medical,1,1173,4,Male,49,3,1,LaboratoryTechnician,2,Single,3597,6409,8,Y,No,22,4,4,80,0,6,2,3,4,3,1,2
32,0,Travel_Frequently,430,ResearchDevelopment,24,4,LifeSciences,1,772,1,Male,80,3,2,LaboratoryTechnician,4,Married,5309,21146,1,Y,No,15,3,4,80,2,10,2,3,10,8,4,7
40,0,Travel_Rarely,1300,ResearchDevelopment,24,2,TechnicalDegree,1,335,1,Male,62,3,2,ResearchScientist,4,Divorced,3319,24447,1,Y,No,17,3,1,80,2,9,3,3,9,8,4,7
26,1,Travel_Rarely,1357,ResearchDevelopment,25,3,LifeSciences,1,55,1,Male,48,1,1,LaboratoryTechnician,3,Single,2293,10558,1,Y,No,12,3,3,80,0,1,2,2,1,0,0,1
29,1,Travel_Rarely,408,ResearchDevelopment,25,5,TechnicalDegree,1,565,3,Female,71,2,1,ResearchScientist,2,Married,2546,18300,5,Y,No,16,3,2,80,0,6,2,4,2,2,1,1
35,1,Travel_Frequently,130,ResearchDevelopment,25,4,LifeSciences,1,881,4,Female,96,3,1,ResearchScientist,2,Divorced,2022,16612,1,Y,Yes,19,3,1,80,1,10,3,2,10,2,7,8
32,1,Travel_Rarely,374,ResearchDevelopment,25,4,LifeSciences,1,911,1,Male,87,3,1,LaboratoryTechnician,4,Single,2795,18016,1,Y,Yes,24,4,3,80,0,1,2,1,1,0,0,1
33,1,Travel_Rarely,1017,ResearchDevelopment,25,3,Medical,1,1108,1,Male,55,2,1,ResearchScientist,2,Single,2313,2993,4,Y,Yes,20,4,2,80,0,5,0,3,2,2,2,2
40,1,Travel_Rarely,299,Sales,25,4,Marketing,1,1318,4,Male,57,2,3,SalesExecutive,2,Single,9094,17235,2,Y,Yes,12,3,3,80,0,9,2,3,5,4,1,0
35,0,Travel_Rarely,538,ResearchDevelopment,25,2,Other,1,652,1,Male,54,2,2,LaboratoryTechnician,4,Single,3681,14004,4,Y,No,14,3,4,80,0,9,3,3,3,2,0,2
49,0,Travel_Rarely,722,ResearchDevelopment,25,4,LifeSciences,1,1617,3,Female,84,3,1,LaboratoryTechnician,1,Married,3211,22102,1,Y,No,14,3,4,80,1,10,3,2,9,6,1,4
37,0,NonTravel,1063,ResearchDevelopment,25,5,Medical,1,529,2,Female,72,3,2,ResearchScientist,3,Married,4449,23866,3,Y,Yes,15,3,1,80,2,15,2,3,13,11,10,7
19,0,Travel_Rarely,265,ResearchDevelopment,25,3,LifeSciences,1,1269,2,Female,57,4,1,ResearchScientist,4,Single,2994,21221,1,Y,Yes,12,3,4,80,0,1,2,3,1,0,0,1
39,0,NonTravel,1485,ResearchDevelopment,25,2,LifeSciences,1,1397,3,Male,71,3,3,HealthcareRepresentative,3,Married,10920,3449,3,Y,No,21,4,2,80,1,13,2,3,6,4,0,5
30,1,Travel_Frequently,334,Sales,26,4,Marketing,1,299,3,Female,52,2,2,SalesExecutive,1,Single,6696,22967,5,Y,No,15,3,3,80,0,9,5,2,6,3,0,1
45,1,Travel_Frequently,306,Sales,26,4,LifeSciences,1,684,1,Female,100,3,2,SalesExecutive,1,Married,4286,5630,2,Y,No,14,3,4,80,2,5,4,3,1,1,0,0
31,1,Travel_Frequently,754,Sales,26,4,Marketing,1,1967,1,Male,63,3,2,SalesExecutive,4,Married,5617,21075,1,Y,Yes,11,3,3,80,0,10,4,3,10,7,0,8
22,0,NonTravel,457,ResearchDevelopment,26,2,Other,1,1605,2,Female,85,2,1,ResearchScientist,3,Married,2814,10293,1,Y,Yes,14,3,2,80,0,4,2,2,4,2,1,3
40,0,Travel_Frequently,902,ResearchDevelopment,26,2,Medical,1,1180,3,Female,92,2,2,ResearchScientist,4,Married,4422,21203,3,Y,Yes,13,3,4,80,1,16,3,1,1,1,0,0
32,0,NonTravel,976,Sales,26,4,Marketing,1,333,3,Male,100,3,2,SalesExecutive,4,Married,4465,12069,0,Y,No,18,3,1,80,0,4,2,3,3,2,2,2
25,0,Travel_Rarely,883,Sales,26,1,Medical,1,781,3,Female,32,3,2,SalesExecutive,4,Single,6180,22807,1,Y,No,23,4,2,80,0,6,5,2,6,5,1,4
51,0,Travel_Rarely,1318,Sales,26,4,Marketing,1,851,1,Female,66,3,4,Manager,3,Married,16307,5594,2,Y,No,14,3,3,80,1,29,2,2,20,6,4,17
29,1,Travel_Rarely,121,Sales,27,3,Marketing,1,283,2,Female,35,3,3,SalesExecutive,4,Married,7639,24525,1,Y,No,22,4,4,80,3,10,3,2,10,4,1,9
47,1,Travel_Frequently,719,Sales,27,2,LifeSciences,1,785,2,Female,77,4,2,SalesExecutive,3,Single,6397,10339,4,Y,Yes,12,3,4,80,0,8,2,3,5,4,1,3
35,1,Travel_Rarely,303,Sales,27,3,LifeSciences,1,1797,3,Male,84,3,2,SalesExecutive,4,Single,5813,13492,1,Y,Yes,18,3,4,80,0,10,2,3,10,7,7,7
29,0,Travel_Rarely,657,ResearchDevelopment,27,3,Medical,1,793,2,Female,66,3,2,HealthcareRepresentative,3,Married,4335,25549,4,Y,No,12,3,1,80,1,11,3,2,8,7,1,1
49,1,Travel_Frequently,1475,ResearchDevelopment,28,2,LifeSciences,1,1420,1,Male,97,2,2,LaboratoryTechnician,1,Single,4284,22710,3,Y,No,20,4,1,80,0,20,2,3,4,3,1,3
50,1,Travel_Rarely,410,Sales,28,3,Marketing,1,2055,4,Male,39,2,3,SalesExecutive,1,Divorced,10854,16586,4,Y,Yes,13,3,2,80,1,20,3,3,3,2,2,0
40,0,NonTravel,1094,Sales,28,3,Other,1,615,3,Male,58,1,3,SalesExecutive,1,Divorced,10932,11373,3,Y,No,15,3,3,80,1,20,2,3,1,0,0,1
43,0,Travel_Frequently,957,ResearchDevelopment,28,3,Medical,1,171,2,Female,72,4,1,ResearchScientist,3,Single,4739,16090,4,Y,No,12,3,4,80,0,18,2,3,3,2,1,2
41,0,Travel_Rarely,582,ResearchDevelopment,28,4,LifeSciences,1,2034,1,Female,60,2,4,ManufacturingDirector,2,Married,13570,5640,0,Y,No,23,4,3,80,1,21,3,3,20,7,0,10
60,0,Travel_Frequently,1499,Sales,28,3,Marketing,1,573,3,Female,80,2,3,SalesExecutive,1,Married,10266,2845,4,Y,No,19,3,4,80,0,22,5,4,18,13,13,11
38,1,Travel_Rarely,1180,ResearchDevelopment,29,1,Medical,1,282,2,Male,70,3,2,HealthcareRepresentative,1,Married,6673,11354,7,Y,Yes,19,3,2,80,0,17,2,3,1,0,0,0
31,1,Travel_Frequently,307,ResearchDevelopment,29,2,Medical,1,355,3,Male,71,2,1,LaboratoryTechnician,2,Single,3479,11652,0,Y,No,11,3,2,80,0,6,2,4,5,4,1,4
47,1,NonTravel,666,ResearchDevelopment,29,4,LifeSciences,1,376,1,Male,88,3,3,Manager,2,Married,11849,10268,1,Y,Yes,12,3,4,80,1,10,2,2,10,7,9,9
26,1,NonTravel,265,Sales,29,2,Medical,1,1037,2,Male,79,1,2,SalesExecutive,1,Single,4969,21813,8,Y,No,18,3,4,80,0,7,6,3,2,2,2,2
33,1,Travel_Frequently,827,ResearchDevelopment,29,4,Medical,1,1101,1,Female,54,2,2,ResearchScientist,3,Single,4508,3129,1,Y,No,22,4,2,80,0,14,4,3,13,7,3,8
29,0,Travel_Rarely,726,ResearchDevelopment,29,1,LifeSciences,1,1859,4,Male,93,1,2,HealthcareRepresentative,3,Divorced,6384,21143,8,Y,No,17,3,4,80,2,11,3,3,7,0,1,6
38,0,Travel_Rarely,1084,ResearchDevelopment,29,3,TechnicalDegree,1,273,4,Male,54,3,2,ManufacturingDirector,4,Married,6261,4185,3,Y,No,18,3,1,80,1,9,3,1,7,7,1,7
24,0,Travel_Rarely,506,ResearchDevelopment,29,1,Medical,1,1725,2,Male,91,3,1,LaboratoryTechnician,1,Divorced,3907,3622,1,Y,No,13,3,2,80,3,6,2,4,6,2,1,2
57,0,Travel_Rarely,210,Sales,29,3,Marketing,1,568,1,Male,56,2,4,Manager,4,Divorced,14118,22102,3,Y,No,12,3,3,80,1,32,3,2,1,0,0,0
32,0,Travel_Rarely,267,ResearchDevelopment,29,4,LifeSciences,1,2010,3,Female,49,2,1,LaboratoryTechnician,2,Single,2837,15919,1,Y,No,13,3,3,80,0,6,3,3,6,2,4,1
